,VAT_calculation,authority_notice_created,direct_bank_transfer_created,expense_invoice,mass_letter_created,memo_voucher,new_receipts,payment_reminder_created,purchase_invoice,purchase_order,salary_slip,sales_invoice,sales_order,travel_invoice
2021-01-01,118.0,74.0,303.0,79.0,0.0,1183.0,1326.0,88.0,12591.0,1.0,296.0,8049.0,7.0,106.0
2021-01-02,321.0,136.0,285.0,80.0,0.0,1583.0,1692.0,124.0,4703.0,0.0,426.0,6529.0,12.0,93.0
2021-01-03,390.0,255.0,443.0,134.0,0.0,2156.0,2748.0,150.0,3233.0,1.0,690.0,7816.0,18.0,165.0
2021-01-04,2014.0,1587.0,1973.0,770.0,0.0,14536.0,5313.0,1126.0,58151.0,49.0,10586.0,76376.0,442.0,814.0
2021-01-05,2428.0,1763.0,1406.0,545.0,6.0,18974.0,4445.0,1013.0,39097.0,46.0,7327.0,34170.0,349.0,563.0
2021-01-06,859.0,547.0,535.0,161.0,0.0,6793.0,2772.0,202.0,50217.0,2.0,1473.0,6591.0,56.0,228.0
2021-01-07,3043.0,2314.0,1742.0,638.0,3.0,21825.0,4748.0,1884.0,34563.0,111.0,5519.0,32304.0,470.0,578.0
2021-01-08,3250.0,2491.0,1056.0,545.0,0.0,22728.0,3846.0,1135.0,49878.0,69.0,3645.0,21722.0,420.0,500.0
2021-01-09,620.0,472.0,208.0,102.0,0.0,5175.0,1984.0,61.0,7615.0,0.0,419.0,2664.0,22.0,57.0
2021-01-10,832.0,598.0,447.0,137.0,2.0,5860.0,2560.0,42.0,3585.0,33.0,340.0,5751.0,20.0,125.0
2021-01-11,5061.0,4026.0,1495.0,643.0,1.0,28882.0,5812.0,1874.0,39845.0,110.0,6504.0,42247.0,471.0,489.0
2021-01-12,5526.0,4311.0,1836.0,554.0,0.0,29375.0,4799.0,1421.0,36563.0,59.0,8008.0,19077.0,452.0,411.0
2021-01-13,2115.0,1215.0,1215.0,478.0,2.0,18171.0,3868.0,1125.0,33372.0,64.0,7348.0,18203.0,413.0,490.0
2021-01-14,2006.0,1116.0,1827.0,474.0,4.0,16579.0,3783.0,1306.0,27746.0,66.0,5371.0,19473.0,433.0,440.0
2021-01-15,2084.0,1119.0,931.0,440.0,0.0,16404.0,3809.0,798.0,32057.0,54.0,2680.0,23054.0,424.0,452.0
2021-01-16,221.0,109.0,142.0,61.0,1.0,2872.0,1217.0,53.0,8485.0,0.0,218.0,2385.0,21.0,63.0
2021-01-17,472.0,190.0,331.0,131.0,1.0,3928.0,2029.0,110.0,3152.0,0.0,375.0,3578.0,19.0,97.0
2021-01-18,2303.0,1304.0,1330.0,622.0,0.0,19441.0,3868.0,1251.0,39646.0,71.0,4630.0,29699.0,512.0,546.0
2021-01-19,2380.0,1282.0,1247.0,497.0,2.0,20053.0,3952.0,1637.0,36701.0,54.0,5225.0,17599.0,420.0,394.0
2021-01-20,2356.0,1371.0,1041.0,440.0,9.0,19286.0,3874.0,1430.0,30518.0,57.0,4024.0,18709.0,419.0,349.0
2021-01-21,2566.0,1293.0,1123.0,546.0,6.0,20303.0,3953.0,951.0,31260.0,60.0,3828.0,17677.0,425.0,414.0
2021-01-22,2256.0,1242.0,1120.0,492.0,3.0,16590.0,3243.0,838.0,28242.0,38.0,2916.0,19054.0,413.0,411.0
2021-01-23,388.0,203.0,227.0,89.0,0.0,4905.0,1533.0,40.0,5939.0,1.0,245.0,2388.0,15.0,66.0
2021-01-24,543.0,218.0,350.0,128.0,0.0,4978.0,2189.0,129.0,2845.0,10.0,541.0,4138.0,28.0,110.0
2021-01-25,2464.0,1460.0,1363.0,624.0,3.0,27115.0,4407.0,1024.0,29136.0,69.0,7353.0,18937.0,479.0,516.0
2021-01-26,2718.0,1409.0,1418.0,498.0,4.0,22994.0,4028.0,1927.0,32379.0,59.0,8944.0,19106.0,511.0,437.0
2021-01-27,2595.0,1484.0,1452.0,492.0,0.0,21424.0,4003.0,1705.0,27238.0,96.0,10465.0,21484.0,407.0,444.0
2021-01-28,2529.0,1454.0,1656.0,516.0,1.0,20301.0,3663.0,959.0,27094.0,49.0,7392.0,31956.0,440.0,514.0
2021-01-29,2491.0,1374.0,1378.0,524.0,0.0,15753.0,3437.0,840.0,36730.0,49.0,3381.0,24892.0,394.0,751.0
2021-01-30,532.0,299.0,266.0,127.0,1.0,3642.0,1685.0,79.0,8831.0,7.0,261.0,5442.0,41.0,122.0
2021-01-31,651.0,285.0,391.0,192.0,1.0,13538.0,2371.0,208.0,5848.0,4.0,846.0,12646.0,23.0,292.0
2021-02-01,2802.0,1609.0,1542.0,729.0,2.0,19205.0,5539.0,1175.0,50182.0,47.0,6890.0,75308.0,486.0,854.0
2021-02-02,3210.0,1885.0,1376.0,536.0,0.0,23295.0,4952.0,908.0,57409.0,54.0,6776.0,34775.0,448.0,676.0
2021-02-03,3415.0,1866.0,1342.0,523.0,1.0,22851.0,4408.0,1598.0,46739.0,71.0,6796.0,26979.0,462.0,499.0
2021-02-04,3412.0,1987.0,1261.0,511.0,0.0,29078.0,4517.0,1606.0,57037.0,61.0,4984.0,24597.0,403.0,536.0
2021-02-05,3290.0,1897.0,1077.0,628.0,0.0,20965.0,3778.0,608.0,31989.0,68.0,3504.0,22095.0,428.0,593.0
2021-02-06,873.0,423.0,249.0,99.0,0.0,5727.0,1824.0,32.0,7275.0,2.0,291.0,3204.0,21.0,59.0
2021-02-07,991.0,489.0,398.0,121.0,2.0,6059.0,2863.0,89.0,2789.0,2.0,511.0,5099.0,16.0,155.0
2021-02-08,4714.0,2968.0,1538.0,650.0,3.0,26494.0,5241.0,909.0,39643.0,68.0,5999.0,25919.0,465.0,512.0
2021-02-09,5548.0,3386.0,1469.0,519.0,1.0,28728.0,4448.0,1190.0,37857.0,76.0,6234.0,18022.0,491.0,550.0
2021-02-10,6239.0,3751.0,1206.0,566.0,4.0,29673.0,4453.0,1536.0,34611.0,94.0,6368.0,19919.0,482.0,412.0
2021-02-11,7089.0,4608.0,1776.0,514.0,1.0,32126.0,4855.0,722.0,26024.0,54.0,6903.0,20542.0,438.0,565.0
2021-02-12,8249.0,5291.0,1759.0,556.0,1.0,25485.0,4463.0,956.0,26163.0,51.0,4070.0,17709.0,478.0,478.0
2021-02-13,405.0,210.0,208.0,70.0,0.0,2660.0,1560.0,68.0,6452.0,0.0,157.0,2870.0,12.0,69.0
2021-02-14,450.0,188.0,316.0,102.0,0.0,3212.0,1941.0,53.0,2804.0,1.0,255.0,3118.0,27.0,74.0
2021-02-15,2936.0,1478.0,1328.0,515.0,3.0,22614.0,4622.0,1376.0,32590.0,72.0,4128.0,24038.0,514.0,564.0
2021-02-16,3120.0,1500.0,1148.0,492.0,2.0,23190.0,4121.0,1173.0,42876.0,49.0,4539.0,22396.0,445.0,412.0
2021-02-17,3286.0,1482.0,1236.0,463.0,23.0,22545.0,3940.0,1487.0,26826.0,86.0,4692.0,22864.0,439.0,436.0
2021-02-18,3103.0,1553.0,974.0,448.0,19.0,20806.0,3694.0,1115.0,28212.0,47.0,3958.0,18155.0,432.0,444.0
2021-02-19,3217.0,1354.0,1231.0,505.0,0.0,23650.0,3492.0,1164.0,24792.0,71.0,3162.0,20251.0,449.0,430.0
2021-02-20,393.0,135.0,150.0,78.0,0.0,3138.0,1271.0,76.0,901.0,0.0,245.0,2266.0,17.0,69.0
2021-02-21,582.0,230.0,311.0,93.0,1.0,3582.0,2685.0,88.0,12081.0,9.0,694.0,2987.0,30.0,131.0
2021-02-22,3659.0,1538.0,1272.0,600.0,2.0,22346.0,4215.0,1028.0,27420.0,65.0,8186.0,19537.0,497.0,534.0
2021-02-23,4212.0,1684.0,1319.0,416.0,3.0,21805.0,3979.0,1535.0,32930.0,66.0,8830.0,19408.0,407.0,422.0
2021-02-24,4099.0,1535.0,1405.0,464.0,1.0,22102.0,3919.0,1858.0,28162.0,67.0,10211.0,18056.0,447.0,426.0
2021-02-25,4119.0,1578.0,1986.0,456.0,1.0,20509.0,3583.0,848.0,28265.0,56.0,8373.0,19939.0,471.0,602.0
2021-02-26,4031.0,1506.0,1301.0,427.0,0.0,20043.0,3335.0,1024.0,34084.0,51.0,3649.0,27411.0,365.0,655.0
2021-02-27,814.0,229.0,188.0,118.0,0.0,4069.0,1418.0,62.0,9654.0,2.0,249.0,4644.0,21.0,112.0
2021-02-28,973.0,300.0,422.0,163.0,0.0,4268.0,2704.0,92.0,6144.0,0.0,532.0,8547.0,32.0,245.0
2021-03-01,5128.0,1971.0,1907.0,701.0,2.0,25212.0,5236.0,1175.0,53664.0,67.0,6971.0,78539.0,421.0,896.0
2021-03-02,3028.0,1993.0,1507.0,585.0,0.0,22677.0,4850.0,700.0,71406.0,60.0,6990.0,35693.0,469.0,731.0
2021-03-03,3177.0,2142.0,1406.0,474.0,0.0,23572.0,4345.0,1693.0,48665.0,92.0,6435.0,36558.0,456.0,569.0
2021-03-04,3114.0,2216.0,1432.0,427.0,1.0,21802.0,4102.0,871.0,39081.0,50.0,4641.0,24874.0,473.0,464.0
2021-03-05,0.0,0.0,0.0,0.0,0.0,0.0,0.0,0.0,0.0,0.0,0.0,0.0,0.0,0.0
2021-03-06,602.0,372.0,310.0,78.0,1.0,4534.0,1654.0,2868.0,8434.0,8.0,289.0,2791.0,17.0,92.0
2021-03-07,682.0,490.0,368.0,111.0,1.0,5150.0,2340.0,106.0,3275.0,3.0,439.0,3407.0,35.0,130.0
2021-03-08,4086.0,3112.0,1644.0,604.0,2.0,26932.0,4798.0,1149.0,38172.0,73.0,5847.0,21278.0,499.0,510.0
2021-03-09,4309.0,3253.0,1447.0,470.0,0.0,30628.0,4754.0,1457.0,34331.0,122.0,6233.0,20309.0,525.0,459.0
2021-03-10,4423.0,3404.0,1466.0,587.0,2.0,26959.0,4740.0,1709.0,33534.0,84.0,6668.0,22647.0,470.0,477.0
2021-03-11,4912.0,4102.0,1649.0,446.0,1.0,31236.0,4144.0,662.0,28273.0,58.0,6296.0,18664.0,451.0,377.0
2021-03-12,5059.0,4319.0,1536.0,453.0,0.0,22684.0,3310.0,853.0,30968.0,57.0,4696.0,16967.0,487.0,501.0
2021-03-13,404.0,202.0,215.0,93.0,0.0,3569.0,1597.0,134.0,5644.0,1.0,265.0,2551.0,14.0,77.0
2021-03-14,386.0,244.0,336.0,126.0,0.0,3614.0,1833.0,89.0,3050.0,3.0,352.0,3751.0,44.0,146.0
2021-03-15,2419.0,1623.0,1334.0,529.0,20.0,26081.0,4276.0,1378.0,35400.0,74.0,4118.0,25762.0,543.0,528.0
2021-03-16,2202.0,1433.0,1333.0,597.0,4.0,49242.0,3695.0,1421.0,41546.0,78.0,3853.0,20974.0,470.0,312.0
2021-03-17,2159.0,1391.0,1133.0,449.0,2.0,33519.0,3334.0,2225.0,26754.0,79.0,3949.0,18634.0,515.0,425.0
2021-03-18,2268.0,1510.0,1174.0,453.0,2.0,28353.0,3472.0,774.0,29651.0,62.0,3337.0,16673.0,517.0,421.0
2021-03-19,1983.0,1307.0,1031.0,410.0,0.0,15227.0,3178.0,981.0,29625.0,69.0,2085.0,18556.0,412.0,355.0
2021-03-20,264.0,146.0,165.0,61.0,0.0,2305.0,1304.0,74.0,12088.0,2.0,314.0,2511.0,23.0,60.0
2021-03-21,392.0,180.0,286.0,107.0,0.0,3176.0,2175.0,91.0,1849.0,4.0,240.0,3433.0,43.0,124.0
2021-03-22,2159.0,1511.0,1087.0,495.0,1.0,20024.0,3704.0,1513.0,30322.0,73.0,4846.0,19486.0,521.0,449.0
2021-03-23,2489.0,1480.0,1366.0,445.0,2.0,22221.0,3409.0,1451.0,32986.0,88.0,5258.0,17096.0,459.0,415.0
2021-03-24,2231.0,1432.0,1478.0,478.0,1.0,17657.0,3298.0,2186.0,23474.0,71.0,5509.0,15721.0,519.0,379.0
2021-03-25,2048.0,1371.0,1114.0,459.0,0.0,18197.0,3367.0,967.0,25637.0,68.0,5641.0,15653.0,581.0,426.0
2021-03-26,1768.0,1151.0,996.0,461.0,1.0,14390.0,2767.0,1214.0,26401.0,55.0,5472.0,19934.0,477.0,419.0
2021-03-27,0.0,0.0,0.0,0.0,0.0,0.0,0.0,0.0,0.0,0.0,0.0,0.0,0.0,0.0
2021-03-28,554.0,255.0,245.0,130.0,1.0,3447.0,1723.0,100.0,2946.0,4.0,637.0,3288.0,56.0,114.0
2021-03-29,2152.0,1316.0,1578.0,529.0,0.0,15297.0,4175.0,971.0,24652.0,79.0,11073.0,22385.0,591.0,625.0
2021-03-30,2198.0,1340.0,1880.0,532.0,0.0,15636.0,3744.0,984.0,28355.0,57.0,9126.0,22060.0,578.0,624.0
2021-03-31,2275.0,1442.0,1620.0,737.0,2.0,15489.0,3985.0,1461.0,33742.0,61.0,6781.0,39499.0,507.0,851.0
2021-04-01,2697.0,1670.0,1668.0,607.0,3.0,15044.0,3815.0,1143.0,40239.0,79.0,5805.0,78080.0,500.0,794.0
2021-04-02,383.0,190.0,298.0,83.0,1.0,2184.0,1280.0,56.0,67503.0,2.0,358.0,6616.0,14.0,100.0
2021-04-03,261.0,179.0,191.0,60.0,0.0,1656.0,1085.0,53.0,2661.0,1.0,263.0,2687.0,39.0,77.0
2021-04-04,295.0,174.0,310.0,61.0,0.0,1724.0,1151.0,53.0,1780.0,0.0,292.0,2484.0,20.0,80.0
2021-04-05,721.0,416.0,491.0,216.0,0.0,4211.0,2964.0,88.0,5892.0,10.0,974.0,6494.0,48.0,194.0
2021-04-06,3239.0,2498.0,1764.0,664.0,1.0,23701.0,5441.0,1786.0,46407.0,77.0,8174.0,36606.0,481.0,725.0
2021-04-07,3953.0,3048.0,1930.0,566.0,3.0,25657.0,4711.0,1763.0,44609.0,112.0,6813.0,27120.0,591.0,631.0
2021-04-08,4419.0,3424.0,1554.0,482.0,0.0,27783.0,4518.0,1109.0,53941.0,82.0,5316.0,24236.0,486.0,550.0
2021-04-09,4482.0,3695.0,1284.0,528.0,2.0,25566.0,3979.0,1385.0,40360.0,76.0,4117.0,23802.0,526.0,522.0
2021-04-10,1100.0,833.0,295.0,99.0,0.0,6871.0,1779.0,89.0,10619.0,2.0,468.0,5193.0,14.0,106.0
2021-04-11,1229.0,942.0,332.0,103.0,0.0,5894.0,2176.0,67.0,2508.0,40.0,478.0,4251.0,38.0,120.0
2021-04-12,6366.0,5254.0,1774.0,564.0,0.0,29895.0,4658.0,1293.0,11696.0,104.0,6890.0,23574.0,595.0,560.0
2021-04-13,2574.0,1732.0,1463.0,545.0,1.0,20165.0,4130.0,1356.0,39215.0,65.0,7288.0,21490.0,583.0,500.0
2021-04-14,2350.0,1520.0,1957.0,493.0,0.0,20985.0,4161.0,1580.0,41274.0,60.0,5955.0,19938.0,573.0,462.0
2021-04-15,2290.0,1466.0,1249.0,454.0,4.0,18477.0,3381.0,1189.0,34639.0,79.0,3542.0,23316.0,507.0,440.0
2021-04-16,2149.0,1457.0,1199.0,414.0,1.0,17601.0,2973.0,1062.0,41710.0,46.0,2873.0,25160.0,526.0,520.0
2021-04-17,197.0,135.0,229.0,59.0,0.0,1537.0,1105.0,43.0,10763.0,6.0,349.0,2277.0,28.0,61.0
2021-04-18,296.0,173.0,262.0,92.0,0.0,2495.0,1651.0,64.0,3182.0,6.0,668.0,17823.0,31.0,121.0
2021-04-19,2747.0,1830.0,1462.0,500.0,0.0,21726.0,4266.0,1105.0,31166.0,77.0,4789.0,21012.0,607.0,495.0
2021-04-20,2697.0,1721.0,1282.0,500.0,3.0,20008.0,4101.0,1217.0,37822.0,65.0,5270.0,22110.0,587.0,429.0
2021-04-21,2405.0,1515.0,1268.0,517.0,0.0,18174.0,3951.0,1852.0,34553.0,77.0,4075.0,19809.0,524.0,429.0
2021-04-22,2450.0,1573.0,1480.0,505.0,2.0,18639.0,4169.0,1221.0,30235.0,73.0,3684.0,17943.0,548.0,392.0
2021-04-23,2102.0,1341.0,1069.0,461.0,3.0,15589.0,3551.0,1299.0,27440.0,61.0,3305.0,18840.0,495.0,381.0
2021-04-24,329.0,214.0,220.0,114.0,0.0,3146.0,1794.0,99.0,9612.0,2.0,189.0,4292.0,49.0,87.0
2021-04-25,447.0,261.0,387.0,135.0,0.0,2687.0,3182.0,165.0,3099.0,3.0,600.0,5314.0,51.0,144.0
2021-04-26,2498.0,1555.0,1170.0,567.0,0.0,18237.0,5224.0,1181.0,29568.0,67.0,8638.0,20137.0,566.0,711.0
2021-04-27,2218.0,1445.0,1260.0,553.0,2.0,17289.0,4127.0,1418.0,31384.0,69.0,8940.0,19578.0,583.0,503.0
2021-04-28,2305.0,1486.0,1512.0,490.0,3.0,18434.0,4059.0,2193.0,30669.0,300.0,9377.0,22528.0,542.0,518.0
2021-04-29,2068.0,1372.0,1964.0,574.0,1.0,15100.0,4438.0,855.0,13552.0,89.0,7002.0,22988.0,501.0,647.0
2021-04-30,1926.0,1253.0,1361.0,579.0,0.0,12400.0,3943.0,1212.0,54556.0,53.0,3254.0,36353.0,477.0,844.0
2021-05-01,151.0,87.0,221.0,63.0,0.0,1104.0,1441.0,48.0,13549.0,1.0,340.0,8858.0,18.0,111.0
2021-05-02,0.0,0.0,0.0,0.0,0.0,0.0,0.0,0.0,0.0,0.0,0.0,0.0,0.0,0.0
2021-05-03,2651.0,1915.0,1875.0,751.0,1.0,19612.0,6442.0,1274.0,50261.0,62.0,9144.0,81609.0,548.0,892.0
2021-05-04,3022.0,2129.0,1886.0,655.0,2.0,22365.0,5243.0,1352.0,81563.0,90.0,8056.0,35585.0,474.0,742.0
2021-05-05,3777.0,2598.0,1491.0,590.0,6.0,24438.0,4969.0,2040.0,49168.0,83.0,6711.0,28222.0,560.0,616.0
2021-05-06,4072.0,2914.0,1527.0,659.0,3.0,26803.0,5219.0,905.0,26688.0,73.0,5608.0,26646.0,581.0,588.0
2021-05-07,3857.0,2631.0,1445.0,517.0,10.0,23865.0,4054.0,1157.0,58703.0,55.0,4646.0,23428.0,527.0,526.0
2021-05-08,886.0,589.0,227.0,104.0,1.0,4980.0,1722.0,75.0,8637.0,1.0,614.0,2762.0,31.0,79.0
2021-05-09,686.0,385.0,317.0,96.0,0.0,3293.0,2349.0,55.0,2469.0,1.0,335.0,3168.0,64.0,127.0
2021-05-10,5964.0,4150.0,1915.0,678.0,1.0,43157.0,5796.0,1147.0,34139.0,132.0,7954.0,23971.0,630.0,720.0
2021-05-11,6591.0,4624.0,1441.0,591.0,1.0,39103.0,5235.0,1587.0,38181.0,85.0,8222.0,25535.0,580.0,530.0
2021-05-12,7196.0,5151.0,1829.0,527.0,0.0,29393.0,3820.0,1542.0,41048.0,102.0,6054.0,19412.0,564.0,506.0
2021-05-13,454.0,290.0,405.0,108.0,0.0,2486.0,1609.0,90.0,8893.0,4.0,637.0,3684.0,80.0,96.0
2021-05-14,1719.0,1089.0,1281.0,370.0,0.0,11422.0,3156.0,1149.0,22483.0,72.0,1977.0,17733.0,397.0,386.0
2021-05-15,163.0,120.0,235.0,51.0,0.0,1702.0,1511.0,99.0,6859.0,3.0,284.0,2565.0,23.0,67.0
2021-05-16,236.0,161.0,357.0,116.0,0.0,2004.0,2028.0,110.0,3505.0,1.0,335.0,4313.0,51.0,91.0
2021-05-17,2324.0,1588.0,1688.0,555.0,3.0,16375.0,4988.0,1380.0,40565.0,108.0,5176.0,32713.0,615.0,565.0
2021-05-18,2415.0,1723.0,1414.0,472.0,2.0,16953.0,4991.0,1337.0,39595.0,119.0,4615.0,21806.0,550.0,595.0
2021-05-19,2295.0,1570.0,1598.0,497.0,1.0,17758.0,4810.0,1635.0,35308.0,113.0,4931.0,23931.0,558.0,449.0
2021-05-20,2180.0,1604.0,1510.0,579.0,2.0,15279.0,4044.0,1507.0,30864.0,91.0,4166.0,18074.0,596.0,468.0
2021-05-21,1928.0,1358.0,1242.0,507.0,2.0,14513.0,3754.0,1310.0,33716.0,70.0,2913.0,19145.0,517.0,462.0
2021-05-22,136.0,93.0,150.0,76.0,0.0,1244.0,1422.0,39.0,6701.0,1.0,498.0,3767.0,38.0,94.0
2021-05-23,308.0,167.0,245.0,83.0,34.0,1953.0,2145.0,51.0,2457.0,1.0,521.0,3857.0,29.0,136.0
2021-05-24,2171.0,1549.0,1734.0,574.0,0.0,17777.0,4268.0,1689.0,29278.0,86.0,7040.0,21384.0,579.0,564.0
2021-05-25,2196.0,1461.0,1273.0,629.0,0.0,17480.0,4218.0,1500.0,33774.0,106.0,7529.0,21301.0,588.0,536.0
2021-05-26,1977.0,1348.0,1388.0,563.0,0.0,17978.0,4435.0,1814.0,31628.0,98.0,9759.0,20657.0,564.0,518.0
2021-05-27,1867.0,1229.0,1489.0,561.0,0.0,14938.0,4414.0,944.0,28292.0,61.0,10006.0,23381.0,560.0,538.0
2021-05-28,1808.0,1179.0,1860.0,603.0,2.0,12885.0,3826.0,1477.0,31603.0,110.0,6136.0,22510.0,525.0,635.0
2021-05-29,417.0,235.0,168.0,68.0,0.0,1658.0,1397.0,56.0,11665.0,2.0,234.0,2964.0,23.0,67.0
2021-05-30,517.0,239.0,331.0,138.0,0.0,2636.0,1789.0,85.0,4716.0,3.0,500.0,5012.0,25.0,160.0
2021-05-31,2971.0,1701.0,1734.0,779.0,4.0,18410.0,5881.0,1153.0,39723.0,66.0,5714.0,43855.0,572.0,1123.0
2021-06-01,2225.0,1702.0,1769.0,616.0,1.0,17274.0,5116.0,903.0,37011.0,85.0,8952.0,82859.0,638.0,849.0
2021-06-02,2397.0,1785.0,1722.0,636.0,0.0,21068.0,5544.0,2954.0,89298.0,72.0,8500.0,39150.0,637.0,686.0
2021-06-03,2376.0,1886.0,1786.0,654.0,5.0,18689.0,5112.0,1007.0,58488.0,73.0,6765.0,32742.0,560.0,683.0
2021-06-04,2246.0,1744.0,1299.0,606.0,1.0,18714.0,4058.0,887.0,53243.0,51.0,3970.0,25574.0,519.0,514.0
2021-06-05,44.0,28.0,71.0,31.0,0.0,338.0,707.0,14.0,12581.0,0.0,66.0,1543.0,21.0,42.0
2021-06-06,290.0,208.0,419.0,171.0,0.0,2185.0,2474.0,113.0,3935.0,1.0,608.0,5027.0,53.0,136.0
2021-06-07,2997.0,2385.0,1604.0,725.0,1.0,25347.0,5957.0,929.0,40954.0,88.0,6075.0,27140.0,609.0,698.0
2021-06-08,3660.0,2896.0,1726.0,718.0,9.0,33455.0,5341.0,1622.0,30737.0,74.0,7454.0,24242.0,635.0,603.0
2021-06-09,3801.0,3029.0,1588.0,652.0,1.0,24939.0,5710.0,1445.0,48392.0,72.0,6484.0,21091.0,608.0,552.0
2021-06-10,4214.0,3302.0,1791.0,556.0,1.0,28843.0,4815.0,1010.0,34957.0,106.0,6649.0,22602.0,515.0,680.0
2021-06-11,3729.0,3124.0,1403.0,473.0,2.0,24244.0,4210.0,924.0,34116.0,49.0,5239.0,18004.0,460.0,571.0
2021-06-12,540.0,435.0,278.0,90.0,0.0,3505.0,1974.0,71.0,6801.0,0.0,567.0,2836.0,67.0,88.0
2021-06-13,725.0,568.0,475.0,131.0,0.0,3913.0,2823.0,74.0,2883.0,0.0,758.0,4669.0,44.0,151.0
2021-06-14,5299.0,4412.0,2222.0,685.0,2.0,40298.0,5481.0,1242.0,39571.0,76.0,7172.0,24704.0,620.0,806.0
2021-06-15,2467.0,1879.0,1683.0,649.0,0.0,28442.0,4950.0,1395.0,38448.0,97.0,5790.0,26140.0,589.0,687.0
2021-06-16,2081.0,1638.0,1570.0,598.0,0.0,17457.0,4888.0,2580.0,43100.0,119.0,5568.0,24762.0,552.0,526.0
2021-06-17,2094.0,1584.0,1695.0,647.0,0.0,16172.0,4646.0,757.0,35243.0,72.0,5233.0,24046.0,513.0,635.0
2021-06-18,1730.0,1364.0,1419.0,543.0,0.0,13305.0,3546.0,1021.0,35286.0,64.0,3560.0,20873.0,524.0,537.0
2021-06-19,120.0,81.0,204.0,82.0,0.0,829.0,1409.0,23.0,7061.0,0.0,315.0,2335.0,28.0,73.0
2021-06-20,209.0,156.0,361.0,114.0,0.0,1532.0,2134.0,45.0,2404.0,1.0,267.0,3435.0,38.0,110.0
2021-06-21,1875.0,1403.0,1741.0,708.0,3.0,14403.0,5562.0,1237.0,30843.0,70.0,6206.0,25726.0,590.0,640.0
2021-06-22,1847.0,1368.0,1692.0,639.0,0.0,14064.0,4694.0,1595.0,36761.0,94.0,6869.0,21085.0,515.0,620.0
2021-06-23,1664.0,1286.0,1988.0,600.0,0.0,12676.0,4705.0,1769.0,35650.0,118.0,7558.0,22225.0,558.0,632.0
2021-06-24,1191.0,945.0,1138.0,606.0,1.0,9816.0,4045.0,777.0,28380.0,36.0,5882.0,20954.0,402.0,745.0
2021-06-25,74.0,55.0,130.0,77.0,1.0,1018.0,1154.0,81.0,9971.0,7.0,121.0,2174.0,37.0,61.0
2021-06-26,59.0,45.0,84.0,27.0,0.0,560.0,816.0,24.0,1816.0,0.0,161.0,1170.0,10.0,44.0
2021-06-27,136.0,96.0,211.0,85.0,0.0,1005.0,2041.0,52.0,2164.0,1.0,757.0,3182.0,48.0,84.0
2021-06-28,1747.0,1308.0,1956.0,673.0,1.0,13513.0,5053.0,2211.0,30237.0,67.0,13685.0,25600.0,490.0,710.0
2021-06-29,1943.0,1434.0,2375.0,688.0,0.0,14339.0,4390.0,1115.0,33035.0,62.0,10503.0,24929.0,484.0,761.0
2021-06-30,1960.0,1568.0,1898.0,777.0,0.0,15308.0,5476.0,2196.0,44319.0,83.0,7740.0,39657.0,442.0,1009.0
2021-07-01,2195.0,1563.0,2269.0,728.0,1.0,18159.0,5886.0,1855.0,59582.0,84.0,10319.0,83823.0,594.0,906.0
2021-07-02,1993.0,1504.0,1874.0,630.0,2.0,15199.0,4598.0,1268.0,62828.0,59.0,6760.0,39835.0,492.0,820.0
2021-07-03,195.0,142.0,341.0,95.0,0.0,1483.0,1483.0,94.0,17074.0,0.0,403.0,3573.0,51.0,79.0
2021-07-04,284.0,228.0,454.0,103.0,0.0,1880.0,2505.0,99.0,10912.0,1.0,665.0,5955.0,37.0,124.0
2021-07-05,0.0,0.0,0.0,0.0,0.0,0.0,0.0,0.0,0.0,0.0,0.0,0.0,0.0,0.0
2021-07-06,3725.0,2891.0,1798.0,498.0,0.0,24356.0,5214.0,1106.0,57352.0,37.0,7941.0,25761.0,398.0,510.0
2021-07-07,3721.0,2969.0,1774.0,490.0,2.0,27005.0,4727.0,1630.0,46129.0,44.0,6721.0,24722.0,435.0,518.0
2021-07-08,4065.0,3166.0,1815.0,495.0,0.0,26983.0,4306.0,1323.0,35074.0,74.0,5687.0,18807.0,453.0,474.0
2021-07-09,3935.0,3226.0,1579.0,379.0,1.0,23607.0,3884.0,1027.0,32779.0,79.0,4111.0,21637.0,410.0,513.0
2021-07-10,536.0,443.0,324.0,68.0,0.0,3540.0,1827.0,68.0,8746.0,0.0,483.0,4618.0,29.0,107.0
2021-07-11,832.0,687.0,373.0,117.0,0.0,4622.0,2301.0,76.0,2578.0,2.0,457.0,3796.0,42.0,148.0
2021-07-12,5158.0,4400.0,1504.0,524.0,1.0,21647.0,4592.0,876.0,30305.0,51.0,6345.0,20462.0,437.0,447.0
2021-07-13,2459.0,1690.0,1518.0,362.0,5.0,14908.0,3773.0,942.0,32551.0,47.0,7528.0,15787.0,400.0,377.0
2021-07-14,2176.0,1573.0,1848.0,401.0,4.0,19113.0,3850.0,1653.0,37828.0,69.0,5941.0,17329.0,382.0,376.0
2021-07-15,2017.0,1452.0,1426.0,371.0,1.0,13924.0,3364.0,1040.0,30131.0,37.0,3873.0,19940.0,388.0,391.0
2021-07-16,1685.0,1130.0,1057.0,350.0,2.0,11032.0,2895.0,957.0,31861.0,38.0,3118.0,14782.0,361.0,344.0
2021-07-17,129.0,100.0,220.0,58.0,0.0,745.0,1413.0,107.0,7902.0,1.0,196.0,2282.0,22.0,72.0
2021-07-18,215.0,124.0,416.0,62.0,0.0,1390.0,1918.0,129.0,2832.0,1.0,294.0,17635.0,31.0,78.0
2021-07-19,1840.0,1247.0,1487.0,429.0,0.0,13028.0,4321.0,1059.0,29050.0,37.0,4275.0,17593.0,328.0,360.0
2021-07-20,1845.0,1247.0,1206.0,344.0,0.0,11810.0,4036.0,728.0,29531.0,39.0,3742.0,15464.0,330.0,319.0
2021-07-21,1643.0,1111.0,1410.0,377.0,0.0,15685.0,3316.0,2010.0,34438.0,30.0,4243.0,14730.0,300.0,258.0
2021-07-22,1606.0,1074.0,2965.0,372.0,1.0,10282.0,3376.0,887.0,27528.0,40.0,4132.0,16430.0,306.0,249.0
2021-07-23,1401.0,941.0,1011.0,278.0,0.0,9099.0,3165.0,1137.0,22180.0,95.0,3145.0,11622.0,351.0,244.0
2021-07-24,126.0,82.0,175.0,42.0,0.0,1134.0,1296.0,24.0,5482.0,0.0,439.0,2013.0,19.0,49.0
2021-07-25,129.0,88.0,311.0,62.0,0.0,730.0,1843.0,84.0,2132.0,0.0,540.0,2861.0,16.0,100.0
2021-07-26,1739.0,1206.0,1171.0,355.0,1.0,11893.0,3873.0,1148.0,27571.0,77.0,8650.0,15752.0,333.0,371.0
2021-07-27,1755.0,1221.0,1032.0,386.0,1.0,12687.0,3629.0,905.0,24985.0,44.0,8777.0,13441.0,338.0,324.0
2021-07-28,1721.0,1135.0,1262.0,364.0,2.0,16930.0,3600.0,1035.0,26397.0,81.0,9194.0,17537.0,333.0,352.0
2021-07-29,1726.0,1164.0,2081.0,335.0,1.0,11731.0,3404.0,867.0,22768.0,132.0,6903.0,16323.0,318.0,402.0
2021-07-30,1448.0,1011.0,1062.0,330.0,0.0,9810.0,3454.0,1463.0,30306.0,30.0,3279.0,19029.0,337.0,533.0
2021-07-31,141.0,96.0,212.0,108.0,0.0,1511.0,2020.0,106.0,11414.0,1.0,476.0,8983.0,31.0,133.0
2021-08-01,226.0,144.0,437.0,134.0,1.0,1709.0,2789.0,281.0,8966.0,1.0,858.0,10360.0,36.0,177.0
2021-08-02,2705.0,1911.0,1850.0,669.0,1.0,16992.0,5842.0,1354.0,25228.0,37.0,8809.0,81577.0,452.0,767.0
2021-08-03,2916.0,2043.0,1868.0,629.0,0.0,20064.0,5789.0,2180.0,88525.0,63.0,8478.0,32717.0,470.0,514.0
2021-08-04,3133.0,2197.0,1827.0,499.0,1.0,22806.0,5074.0,1910.0,49976.0,53.0,7518.0,23105.0,353.0,489.0
2021-08-05,3316.0,2279.0,3390.0,530.0,0.0,21218.0,4197.0,1396.0,50149.0,33.0,5796.0,21569.0,389.0,388.0
2021-08-06,2982.0,2136.0,1376.0,345.0,0.0,19056.0,3488.0,1662.0,38979.0,42.0,4125.0,19293.0,402.0,373.0
2021-08-07,449.0,271.0,243.0,47.0,0.0,2789.0,1487.0,78.0,5893.0,0.0,401.0,1963.0,28.0,65.0
2021-08-08,616.0,355.0,372.0,131.0,0.0,4020.0,2733.0,93.0,3031.0,10.0,680.0,3551.0,43.0,138.0
2021-08-09,4898.0,3451.0,1812.0,629.0,0.0,29071.0,5972.0,1560.0,33663.0,96.0,7643.0,21336.0,507.0,536.0
2021-08-10,5539.0,3836.0,1417.0,518.0,3.0,30042.0,5655.0,2193.0,35745.0,66.0,7110.0,22285.0,513.0,541.0
2021-08-11,6466.0,4458.0,1808.0,578.0,1.0,31923.0,5353.0,1538.0,36956.0,34.0,7661.0,18583.0,446.0,511.0
2021-08-12,7503.0,5345.0,2561.0,654.0,0.0,28569.0,4850.0,837.0,32001.0,70.0,6339.0,18266.0,452.0,668.0
2021-08-13,2249.0,1598.0,1311.0,468.0,0.0,16395.0,3846.0,1592.0,27553.0,60.0,2483.0,20934.0,443.0,417.0
2021-08-14,170.0,89.0,250.0,70.0,0.0,970.0,2028.0,101.0,7839.0,0.0,175.0,2688.0,31.0,83.0
2021-08-15,242.0,137.0,295.0,99.0,0.0,1360.0,2288.0,92.0,3209.0,0.0,211.0,4186.0,22.0,128.0
2021-08-16,2254.0,1671.0,1571.0,595.0,0.0,19461.0,5191.0,1391.0,45086.0,88.0,4212.0,23449.0,514.0,576.0
2021-08-17,2225.0,1603.0,1495.0,527.0,2.0,18258.0,4800.0,1618.0,52061.0,60.0,3912.0,25203.0,512.0,466.0
2021-08-18,2112.0,1569.0,1437.0,557.0,0.0,16062.0,4775.0,1692.0,34805.0,86.0,4521.0,18732.0,483.0,454.0
2021-08-19,2191.0,1482.0,1409.0,556.0,4.0,19614.0,4350.0,1171.0,30693.0,104.0,3870.0,19117.0,479.0,458.0
2021-08-20,1844.0,1330.0,3565.0,496.0,1.0,13747.0,3751.0,940.0,30575.0,48.0,3424.0,18461.0,462.0,403.0
2021-08-21,103.0,74.0,183.0,64.0,0.0,1197.0,1238.0,80.0,6209.0,0.0,130.0,2296.0,22.0,66.0
2021-08-22,165.0,112.0,264.0,107.0,4.0,1480.0,2331.0,129.0,2641.0,3.0,347.0,5283.0,30.0,140.0
2021-08-23,2033.0,1443.0,1559.0,595.0,2.0,16081.0,4641.0,2130.0,33374.0,105.0,5391.0,19951.0,570.0,619.0
2021-08-24,1909.0,1370.0,1462.0,564.0,0.0,16418.0,4351.0,1422.0,32940.0,92.0,5782.0,18927.0,474.0,512.0
2021-08-25,1921.0,1368.0,1406.0,562.0,0.0,14512.0,4584.0,1455.0,30516.0,71.0,8066.0,19948.0,567.0,499.0
2021-08-26,1735.0,1214.0,1388.0,539.0,2.0,15385.0,4427.0,988.0,27247.0,57.0,8518.0,18833.0,479.0,564.0
2021-08-27,1554.0,1131.0,1163.0,516.0,10.0,14168.0,3675.0,909.0,29325.0,44.0,7194.0,20938.0,484.0,512.0
2021-08-28,91.0,65.0,199.0,106.0,0.0,1052.0,1407.0,60.0,7732.0,0.0,426.0,2367.0,26.0,143.0
2021-08-29,142.0,81.0,282.0,112.0,0.0,907.0,2042.0,103.0,4971.0,6.0,1141.0,4694.0,23.0,144.0
2021-08-30,1950.0,1404.0,2393.0,671.0,2.0,18499.0,4929.0,1119.0,29222.0,72.0,10320.0,26731.0,545.0,870.0
2021-08-31,2251.0,1654.0,2042.0,716.0,0.0,16129.0,5734.0,1766.0,43908.0,82.0,5880.0,38087.0,578.0,1074.0
2021-09-01,2003.0,1575.0,1779.0,769.0,1.0,16495.0,5409.0,1559.0,60638.0,79.0,9953.0,84705.0,509.0,949.0
2021-09-02,2273.0,1689.0,2261.0,566.0,0.0,16770.0,4980.0,1219.0,63152.0,57.0,8227.0,40247.0,583.0,841.0
2021-09-03,0.0,0.0,0.0,0.0,0.0,0.0,0.0,0.0,0.0,0.0,0.0,0.0,0.0,0.0
2021-09-04,83.0,51.0,157.0,55.0,0.0,500.0,971.0,32.0,26638.0,0.0,352.0,2052.0,12.0,51.0
2021-09-05,304.0,220.0,635.0,158.0,0.0,2336.0,3603.0,108.0,17353.0,1.0,615.0,6177.0,55.0,195.0
2021-09-06,3137.0,2422.0,1863.0,796.0,0.0,23784.0,6868.0,1406.0,45449.0,59.0,6721.0,28015.0,595.0,840.0
2021-09-07,3729.0,2915.0,3887.0,696.0,1.0,26582.0,5597.0,1052.0,45561.0,83.0,6328.0,23565.0,568.0,702.0
2021-09-08,3444.0,2683.0,1791.0,538.0,0.0,25087.0,5743.0,1206.0,38442.0,72.0,6720.0,24181.0,522.0,576.0
2021-09-09,3666.0,2938.0,1945.0,577.0,1.0,24831.0,5246.0,795.0,35283.0,73.0,5863.0,21769.0,568.0,680.0
2021-09-10,3935.0,3215.0,1250.0,581.0,1.0,22482.0,4380.0,747.0,35356.0,99.0,4402.0,21547.0,574.0,584.0
2021-09-11,482.0,399.0,366.0,88.0,0.0,2668.0,1777.0,77.0,10959.0,3.0,380.0,2893.0,26.0,134.0
2021-09-12,906.0,708.0,612.0,151.0,0.0,3554.0,2878.0,94.0,2834.0,2.0,685.0,4406.0,43.0,152.0
2021-09-13,5376.0,4509.0,1983.0,768.0,3.0,24770.0,6465.0,930.0,33019.0,44.0,8552.0,23716.0,564.0,782.0
2021-09-14,2450.0,1855.0,2439.0,545.0,0.0,18907.0,5377.0,1292.0,36007.0,63.0,6673.0,24038.0,495.0,684.0
2021-09-15,2365.0,1656.0,1606.0,589.0,1.0,18094.0,4586.0,2400.0,43002.0,84.0,4163.0,25016.0,518.0,680.0
2021-09-16,2106.0,1495.0,1628.0,566.0,9.0,20755.0,4234.0,1376.0,40033.0,93.0,3582.0,21884.0,569.0,650.0
2021-09-17,1899.0,1390.0,1505.0,475.0,1.0,14100.0,3901.0,815.0,32719.0,56.0,2411.0,23091.0,512.0,508.0
2021-09-18,110.0,54.0,187.0,97.0,0.0,751.0,1625.0,49.0,7355.0,6.0,166.0,2330.0,23.0,88.0
2021-09-19,208.0,138.0,348.0,119.0,0.0,1437.0,2201.0,117.0,2662.0,2.0,207.0,5049.0,22.0,165.0
2021-09-20,2172.0,1611.0,3581.0,648.0,0.0,18213.0,5424.0,1609.0,35431.0,77.0,4512.0,21778.0,638.0,598.0
2021-09-21,2255.0,1707.0,1759.0,657.0,1.0,16702.0,4910.0,1322.0,42294.0,60.0,5192.0,25035.0,502.0,575.0
2021-09-22,1862.0,1377.0,1680.0,611.0,3.0,15977.0,4570.0,1903.0,33367.0,89.0,5235.0,21891.0,519.0,529.0
2021-09-23,1877.0,1347.0,1653.0,652.0,1.0,16549.0,4243.0,1450.0,29233.0,53.0,5758.0,19417.0,508.0,677.0
2021-09-24,1614.0,1096.0,1078.0,592.0,1.0,12335.0,4054.0,1208.0,31441.0,123.0,4421.0,21065.0,544.0,519.0
2021-09-25,135.0,79.0,163.0,152.0,0.0,1783.0,1538.0,36.0,7114.0,0.0,240.0,2978.0,24.0,135.0
2021-09-26,126.0,80.0,294.0,132.0,1.0,1961.0,2036.0,40.0,2424.0,3.0,488.0,17623.0,42.0,139.0
2021-09-27,1758.0,1331.0,1506.0,728.0,0.0,14735.0,5118.0,1505.0,34368.0,67.0,10346.0,22132.0,513.0,729.0
2021-09-28,1786.0,1263.0,1955.0,632.0,1.0,15295.0,5156.0,1235.0,33056.0,66.0,11604.0,23862.0,538.0,771.0
2021-09-29,1940.0,1333.0,2340.0,637.0,7.0,16771.0,4778.0,1940.0,31825.0,75.0,9634.0,24317.0,550.0,767.0
2021-09-30,1867.0,1289.0,2172.0,763.0,0.0,15566.0,5565.0,830.0,46125.0,66.0,5705.0,43715.0,525.0,1188.0
2021-10-01,1694.0,1264.0,1769.0,671.0,1.0,12406.0,5336.0,860.0,65737.0,52.0,7028.0,87497.0,545.0,1134.0
2021-10-02,178.0,126.0,454.0,90.0,0.0,1217.0,2266.0,144.0,37266.0,5.0,488.0,7020.0,30.0,150.0
2021-10-03,212.0,152.0,501.0,253.0,0.0,1270.0,2475.0,69.0,4924.0,0.0,767.0,6702.0,25.0,240.0
2021-10-04,2332.0,1752.0,2376.0,837.0,3.0,22218.0,6191.0,1321.0,55722.0,57.0,8945.0,46722.0,547.0,1172.0
2021-10-05,3071.0,2343.0,3236.0,716.0,0.0,24110.0,6536.0,1505.0,58465.0,76.0,7873.0,37235.0,507.0,841.0
2021-10-06,3279.0,2503.0,2557.0,716.0,0.0,24769.0,6051.0,2035.0,51034.0,75.0,6976.0,29318.0,492.0,772.0
2021-10-07,3422.0,2563.0,2191.0,711.0,0.0,26525.0,5877.0,1068.0,46457.0,47.0,5655.0,23279.0,535.0,792.0
2021-10-08,3507.0,2740.0,1181.0,670.0,1.0,24199.0,4733.0,1483.0,36974.0,91.0,3601.0,21768.0,490.0,660.0
2021-10-09,378.0,274.0,298.0,90.0,0.0,3492.0,1955.0,105.0,9355.0,1.0,318.0,3424.0,54.0,117.0
2021-10-10,785.0,560.0,493.0,177.0,0.0,4280.0,2812.0,117.0,3353.0,4.0,285.0,7219.0,35.0,205.0
2021-10-11,5642.0,4556.0,2180.0,814.0,1.0,31194.0,7046.0,1000.0,42091.0,121.0,6896.0,24706.0,529.0,790.0
2021-10-12,6084.0,4971.0,1988.0,686.0,3.0,31503.0,5705.0,1435.0,40681.0,89.0,7893.0,25044.0,640.0,791.0
2021-10-13,2650.0,1876.0,1919.0,559.0,1.0,20969.0,5074.0,2502.0,41657.0,63.0,7831.0,21131.0,517.0,773.0
2021-10-14,2661.0,1808.0,2419.0,591.0,4.0,21075.0,4732.0,942.0,31285.0,78.0,4971.0,28364.0,553.0,699.0
2021-10-15,2434.0,1635.0,1308.0,604.0,1.0,17270.0,4274.0,1088.0,36564.0,56.0,2902.0,26623.0,547.0,747.0
2021-10-16,155.0,101.0,195.0,74.0,0.0,1430.0,2045.0,55.0,12015.0,1.0,174.0,3037.0,43.0,92.0
2021-10-17,247.0,143.0,308.0,116.0,0.0,2259.0,2788.0,110.0,3121.0,1.0,328.0,4630.0,33.0,130.0
2021-10-18,2725.0,1773.0,1637.0,774.0,4.0,20446.0,5462.0,1118.0,40927.0,84.0,5240.0,23316.0,486.0,750.0
2021-10-19,2642.0,1711.0,1568.0,593.0,3.0,18760.0,5334.0,1235.0,32890.0,64.0,5144.0,22264.0,517.0,643.0
2021-10-20,2739.0,1739.0,1639.0,547.0,2.0,20148.0,4845.0,1877.0,37077.0,57.0,4888.0,20653.0,511.0,655.0
2021-10-21,2406.0,1516.0,3559.0,562.0,4.0,16978.0,4337.0,1161.0,37826.0,90.0,4442.0,20594.0,430.0,664.0
2021-10-22,2020.0,1366.0,1445.0,574.0,3.0,19299.0,4240.0,1248.0,34874.0,47.0,3770.0,22358.0,464.0,595.0
2021-10-23,157.0,105.0,261.0,97.0,0.0,2610.0,1721.0,80.0,7069.0,0.0,188.0,2787.0,27.0,105.0
2021-10-24,246.0,111.0,410.0,203.0,0.0,1561.0,2705.0,80.0,3032.0,0.0,335.0,3694.0,48.0,239.0
2021-10-25,2371.0,1597.0,1532.0,692.0,4.0,20498.0,5252.0,1750.0,33026.0,64.0,8346.0,23538.0,562.0,845.0
2021-10-26,2536.0,1607.0,1513.0,658.0,1.0,17208.0,5000.0,1689.0,34125.0,54.0,10017.0,23067.0,495.0,714.0
2021-10-27,2431.0,1521.0,1879.0,621.0,0.0,18534.0,4666.0,1638.0,33633.0,104.0,10823.0,22692.0,474.0,662.0
2021-10-28,2375.0,1475.0,3004.0,604.0,0.0,16664.0,4818.0,1256.0,31917.0,64.0,8406.0,25025.0,459.0,872.0
2021-10-29,2014.0,1272.0,1433.0,685.0,1.0,13154.0,4536.0,1220.0,39216.0,87.0,3688.0,31195.0,481.0,1073.0
2021-10-30,190.0,111.0,222.0,115.0,0.0,1395.0,2009.0,57.0,14695.0,4.0,217.0,5743.0,16.0,168.0
2021-10-31,365.0,193.0,614.0,222.0,1.0,2244.0,3571.0,105.0,6975.0,5.0,682.0,10004.0,57.0,374.0
2021-11-01,2667.0,1771.0,2198.0,932.0,2.0,21395.0,6848.0,1476.0,61982.0,56.0,8711.0,94965.0,537.0,1300.0
2021-11-02,2842.0,1947.0,1804.0,747.0,4.0,22897.0,6761.0,1232.0,87765.0,47.0,8353.0,42692.0,624.0,939.0
2021-11-03,3146.0,2094.0,2139.0,662.0,2.0,23393.0,6013.0,1156.0,56295.0,47.0,7714.0,34654.0,525.0,1003.0
2021-11-04,3307.0,2142.0,2028.0,671.0,2.0,24368.0,6020.0,975.0,48948.0,60.0,6786.0,28548.0,539.0,822.0
2021-11-05,3063.0,2104.0,1266.0,721.0,4.0,21305.0,5171.0,1895.0,45056.0,74.0,4236.0,26095.0,538.0,818.0
2021-11-06,379.0,222.0,252.0,129.0,0.0,2718.0,1745.0,90.0,7933.0,3.0,282.0,3570.0,17.0,105.0
2021-11-07,515.0,334.0,498.0,154.0,1.0,4418.0,2994.0,114.0,3496.0,0.0,530.0,4587.0,30.0,222.0
2021-11-08,4319.0,3122.0,3444.0,809.0,1.0,30207.0,6695.0,1468.0,41462.0,81.0,7147.0,24089.0,546.0,951.0
2021-11-09,4913.0,3325.0,2221.0,725.0,1.0,30353.0,6199.0,1512.0,31344.0,167.0,7567.0,24711.0,546.0,704.0
2021-11-10,5286.0,3593.0,1937.0,712.0,3.0,31032.0,6237.0,1410.0,43359.0,62.0,7614.0,26020.0,528.0,864.0
2021-11-11,6037.0,4115.0,2304.0,669.0,2.0,30738.0,5964.0,1339.0,50771.0,81.0,7153.0,22142.0,569.0,883.0
2021-11-12,6694.0,4591.0,2338.0,652.0,0.0,26189.0,5018.0,1117.0,31148.0,57.0,4615.0,22036.0,475.0,775.0
2021-11-13,224.0,146.0,290.0,109.0,0.0,1822.0,1993.0,31.0,7734.0,1.0,236.0,2985.0,19.0,89.0
2021-11-14,238.0,138.0,304.0,121.0,2.0,2635.0,2171.0,158.0,2967.0,2.0,315.0,3782.0,48.0,149.0
2021-11-15,2510.0,1881.0,1747.0,772.0,0.0,21555.0,6250.0,1374.0,41101.0,104.0,4805.0,30350.0,570.0,1012.0
2021-11-16,2592.0,1854.0,1650.0,665.0,1.0,22485.0,5661.0,1499.0,51093.0,66.0,4991.0,25282.0,545.0,699.0
2021-11-17,2652.0,1816.0,1943.0,639.0,0.0,21103.0,5799.0,2112.0,38556.0,89.0,4698.0,23028.0,547.0,724.0
2021-11-18,2342.0,1636.0,1734.0,662.0,0.0,18703.0,5032.0,1008.0,41234.0,66.0,4031.0,22032.0,507.0,737.0
2021-11-19,1746.0,1203.0,1071.0,661.0,4.0,15308.0,4633.0,1454.0,33921.0,70.0,2871.0,20540.0,530.0,644.0
2021-11-20,102.0,59.0,163.0,83.0,0.0,692.0,2067.0,24.0,7054.0,0.0,45.0,3462.0,30.0,118.0
2021-11-21,156.0,91.0,401.0,163.0,0.0,1949.0,2881.0,169.0,3237.0,4.0,296.0,4676.0,35.0,180.0
2021-11-22,2201.0,1586.0,1563.0,863.0,1.0,20022.0,6201.0,1916.0,46192.0,75.0,5781.0,26394.0,496.0,967.0
2021-11-23,2102.0,1537.0,3214.0,740.0,1.0,18513.0,5383.0,2294.0,44713.0,60.0,6517.0,22144.0,542.0,743.0
2021-11-24,1889.0,1380.0,2036.0,698.0,1.0,18151.0,5698.0,2219.0,34421.0,120.0,7306.0,22838.0,476.0,725.0
2021-11-25,1491.0,1024.0,1593.0,471.0,7.0,13698.0,3324.0,823.0,22894.0,37.0,6950.0,15357.0,288.0,459.0
2021-11-26,1527.0,1044.0,1737.0,702.0,2.0,13618.0,4369.0,1195.0,30851.0,68.0,8202.0,26152.0,508.0,774.0
2021-11-27,149.0,77.0,266.0,95.0,0.0,1832.0,2351.0,33.0,7841.0,141.0,483.0,5218.0,60.0,150.0
2021-11-28,233.0,119.0,486.0,210.0,0.0,1561.0,3280.0,72.0,4860.0,1.0,1172.0,5942.0,49.0,276.0
2021-11-29,1718.0,1282.0,2614.0,1047.0,1.0,15418.0,6496.0,1527.0,36694.0,78.0,11284.0,30050.0,523.0,1274.0
2021-11-30,2098.0,1439.0,2023.0,977.0,0.0,16431.0,6530.0,1450.0,51606.0,68.0,6473.0,46543.0,618.0,1591.0
2021-12-01,2060.0,1636.0,2291.0,849.0,3.0,18144.0,6171.0,1317.0,69971.0,71.0,11113.0,89268.0,542.0,1197.0
2021-12-02,2156.0,1618.0,2541.0,826.0,2.0,20193.0,6573.0,1794.0,67769.0,52.0,8730.0,43188.0,585.0,1087.0
2021-12-03,2242.0,1704.0,1733.0,777.0,2.0,16717.0,5755.0,1246.0,16172.0,75.0,5208.0,39092.0,495.0,954.0
2021-12-04,254.0,197.0,286.0,158.0,0.0,1949.0,2385.0,100.0,24662.0,0.0,394.0,4869.0,27.0,158.0
2021-12-05,246.0,188.0,303.0,162.0,0.0,1803.0,1982.0,36.0,53719.0,1.0,416.0,4839.0,39.0,143.0
2021-12-06,519.0,370.0,466.0,247.0,0.0,4344.0,4376.0,193.0,12505.0,13.0,798.0,8206.0,66.0,315.0
2021-12-07,3281.0,2626.0,2177.0,1000.0,2.0,25925.0,7629.0,1891.0,49380.0,57.0,8075.0,34656.0,534.0,1106.0
2021-12-08,3660.0,2906.0,3785.0,829.0,0.0,29907.0,6704.0,2280.0,45391.0,135.0,8891.0,25749.0,482.0,823.0
2021-12-09,4083.0,3286.0,3007.0,823.0,0.0,34049.0,6494.0,1375.0,45779.0,285.0,8147.0,25325.0,601.0,843.0
2021-12-10,4299.0,3483.0,1568.0,778.0,0.0,25769.0,5801.0,1556.0,38931.0,68.0,5686.0,27836.0,569.0,894.0
2021-12-11,621.0,534.0,359.0,174.0,0.0,4908.0,2839.0,81.0,16670.0,0.0,566.0,3912.0,48.0,155.0
2021-12-12,829.0,699.0,530.0,206.0,0.0,4947.0,3533.0,93.0,3355.0,7.0,779.0,5010.0,37.0,233.0
2021-12-13,5771.0,4884.0,2325.0,1084.0,4.0,28330.0,8019.0,1326.0,39058.0,110.0,10213.0,29115.0,525.0,1318.0
2021-12-14,2558.0,1837.0,2733.0,909.0,1.0,22111.0,6671.0,1708.0,48064.0,50.0,9180.0,29330.0,495.0,966.0
2021-12-15,2455.0,1816.0,2127.0,826.0,1.0,20337.0,6067.0,2055.0,42668.0,65.0,6977.0,32469.0,521.0,856.0
2021-12-16,2409.0,1711.0,2138.0,891.0,4.0,20876.0,6181.0,1146.0,48627.0,63.0,6225.0,34050.0,642.0,964.0
2021-12-17,2137.0,1598.0,1604.0,977.0,1.0,18689.0,5673.0,1426.0,40535.0,52.0,4887.0,29033.0,530.0,973.0
2021-12-18,206.0,117.0,250.0,152.0,0.0,2043.0,2584.0,73.0,8190.0,0.0,667.0,4416.0,33.0,125.0
2021-12-19,298.0,208.0,398.0,279.0,0.0,3162.0,3505.0,161.0,3633.0,1.0,951.0,6792.0,69.0,247.0
2021-12-20,2459.0,1854.0,1955.0,1255.0,5.0,21586.0,7160.0,1191.0,39435.0,69.0,8025.0,33947.0,498.0,1243.0
2021-12-21,2220.0,1749.0,3889.0,1087.0,11.0,18384.0,6887.0,1967.0,46366.0,69.0,7434.0,31655.0,551.0,1041.0
2021-12-22,1965.0,1498.0,2690.0,1044.0,2.0,15269.0,6293.0,2157.0,16590.0,56.0,6980.0,28737.0,493.0,1144.0
2021-12-23,858.0,691.0,1168.0,676.0,2.0,6567.0,4363.0,739.0,25461.0,33.0,2769.0,21416.0,289.0,773.0
2021-12-24,43.0,22.0,202.0,72.0,0.0,358.0,629.0,45.0,35551.0,3.0,49.0,1713.0,2.0,31.0
2021-12-25,47.0,23.0,131.0,46.0,0.0,232.0,1203.0,83.0,1810.0,0.0,73.0,1378.0,7.0,48.0
2021-12-26,111.0,68.0,328.0,106.0,0.0,958.0,1759.0,143.0,2001.0,3.0,424.0,3176.0,22.0,103.0
2021-12-27,1516.0,1056.0,1669.0,808.0,0.0,12603.0,5060.0,1256.0,27447.0,32.0,9437.0,20599.0,336.0,869.0
2021-12-28,1694.0,1162.0,2013.0,902.0,2.0,14218.0,4904.0,1631.0,33080.0,31.0,10651.0,23488.0,393.0,891.0
2021-12-29,1676.0,1237.0,2581.0,809.0,2.0,14397.0,5185.0,1917.0,29876.0,25.0,9991.0,24031.0,388.0,1033.0
2021-12-30,1879.0,1316.0,3343.0,904.0,10.0,13966.0,5533.0,1549.0,33636.0,33.0,6957.0,31769.0,315.0,1093.0
2021-12-31,1396.0,898.0,1722.0,731.0,3.0,9253.0,4366.0,1481.0,40184.0,16.0,3789.0,34349.0,210.0,995.0
2022-01-01,189.0,82.0,267.0,92.0,1.0,1100.0,1499.0,79.0,16675.0,0.0,350.0,8132.0,18.0,108.0
2022-01-02,322.0,172.0,556.0,186.0,0.0,2997.0,3039.0,92.0,8429.0,0.0,829.0,18485.0,41.0,211.0
2022-01-03,2281.0,1760.0,2669.0,895.0,1.0,20377.0,6675.0,1010.0,84084.0,47.0,12092.0,89605.0,456.0,939.0
2022-01-04,2891.0,2043.0,2922.0,767.0,0.0,23455.0,5862.0,1800.0,79930.0,50.0,9613.0,39762.0,453.0,863.0
2022-01-05,2970.0,2281.0,4323.0,665.0,4.0,23977.0,4744.0,2087.0,54647.0,38.0,8141.0,29281.0,457.0,733.0
2022-01-06,1066.0,702.0,643.0,180.0,2.0,8067.0,2438.0,200.0,26403.0,9.0,1204.0,7474.0,53.0,210.0
2022-01-07,2957.0,2071.0,1881.0,491.0,1.0,24288.0,4789.0,1579.0,36621.0,44.0,5054.0,40560.0,335.0,485.0
2022-01-08,661.0,455.0,284.0,88.0,0.0,6352.0,1672.0,83.0,7973.0,0.0,431.0,3530.0,25.0,87.0
2022-01-09,861.0,607.0,483.0,148.0,1.0,6719.0,2994.0,108.0,3639.0,7.0,514.0,4876.0,37.0,180.0
2022-01-10,4805.0,3630.0,2215.0,705.0,0.0,33237.0,6355.0,2054.0,46011.0,66.0,7553.0,31034.0,571.0,741.0
2022-01-11,5539.0,4400.0,1838.0,732.0,3.0,34911.0,6438.0,1364.0,47339.0,84.0,8468.0,25966.0,484.0,515.0
2022-01-12,6438.0,4924.0,2331.0,615.0,2.0,34491.0,5635.0,1900.0,43959.0,65.0,8335.0,29693.0,522.0,545.0
2022-01-13,2509.0,1501.0,3421.0,576.0,0.0,24783.0,4520.0,1108.0,37746.0,75.0,7293.0,22173.0,463.0,624.0
2022-01-14,2502.0,1394.0,1511.0,539.0,2.0,21143.0,4361.0,1546.0,35139.0,45.0,3261.0,26539.0,447.0,535.0
2022-01-15,331.0,172.0,260.0,85.0,0.0,3113.0,1619.0,47.0,13624.0,0.0,163.0,3813.0,22.0,81.0
2022-01-16,588.0,281.0,455.0,175.0,0.0,5056.0,2692.0,116.0,4282.0,3.0,396.0,5462.0,42.0,124.0
2022-01-17,2917.0,1656.0,1831.0,664.0,2.0,27853.0,5485.0,1795.0,43818.0,51.0,4488.0,34473.0,535.0,474.0
2022-01-18,3013.0,1591.0,1807.0,531.0,2.0,25365.0,4882.0,1645.0,42839.0,70.0,5959.0,22180.0,562.0,431.0
2022-01-19,3165.0,1627.0,1840.0,552.0,1.0,25664.0,4554.0,1594.0,34645.0,81.0,4873.0,19960.0,495.0,446.0
2022-01-20,3074.0,1636.0,2132.0,580.0,1.0,25680.0,4538.0,1398.0,36545.0,66.0,5031.0,21482.0,558.0,444.0
2022-01-21,2764.0,1550.0,3147.0,477.0,0.0,21905.0,3771.0,1337.0,38099.0,137.0,3566.0,19610.0,475.0,488.0
2022-01-22,494.0,203.0,253.0,88.0,0.0,4246.0,1599.0,93.0,6730.0,0.0,418.0,4932.0,16.0,59.0
2022-01-23,522.0,235.0,435.0,124.0,0.0,4424.0,2354.0,100.0,2684.0,2.0,476.0,4209.0,32.0,104.0
2022-01-24,2994.0,1608.0,1837.0,609.0,4.0,26594.0,4529.0,1392.0,34472.0,92.0,6841.0,30019.0,544.0,484.0
2022-01-25,2978.0,1581.0,1757.0,547.0,2.0,25391.0,4507.0,1445.0,36301.0,48.0,9010.0,20814.0,528.0,504.0
2022-01-26,2981.0,1660.0,1755.0,553.0,0.0,22521.0,4538.0,1649.0,30829.0,150.0,10592.0,19497.0,528.0,489.0
2022-01-27,3214.0,1696.0,2429.0,575.0,2.0,24265.0,4399.0,1394.0,28072.0,34.0,11057.0,37113.0,562.0,553.0
2022-01-28,2797.0,1544.0,2159.0,555.0,0.0,19528.0,3869.0,1231.0,32341.0,52.0,7537.0,21439.0,508.0,569.0
2022-01-29,643.0,314.0,343.0,96.0,1.0,5668.0,1814.0,68.0,8627.0,0.0,335.0,4097.0,27.0,100.0
2022-01-30,794.0,320.0,468.0,182.0,1.0,4775.0,2652.0,118.0,3738.0,2.0,585.0,5142.0,33.0,198.0
2022-01-31,3527.0,2009.0,1985.0,792.0,1.0,23194.0,6380.0,1393.0,44029.0,48.0,6535.0,46741.0,501.0,1058.0
2022-02-01,3388.0,1929.0,2199.0,711.0,1.0,27470.0,5851.0,1067.0,67141.0,62.0,9201.0,91532.0,492.0,833.0
2022-02-02,3813.0,2050.0,2540.0,566.0,3.0,26705.0,5504.0,1712.0,48106.0,49.0,8635.0,41007.0,484.0,591.0
2022-02-03,3647.0,2085.0,2489.0,547.0,16.0,28922.0,4845.0,979.0,100626.0,64.0,7468.0,33084.0,510.0,640.0
2022-02-04,3535.0,2009.0,1697.0,535.0,10.0,26772.0,4419.0,1828.0,47142.0,75.0,4939.0,26783.0,483.0,543.0
2022-02-05,954.0,425.0,299.0,79.0,0.0,5757.0,1888.0,37.0,9604.0,1.0,499.0,3566.0,26.0,92.0
2022-02-06,1173.0,520.0,416.0,201.0,1.0,7637.0,2822.0,172.0,3650.0,2.0,717.0,5731.0,38.0,172.0
2022-02-07,5112.0,3125.0,1839.0,746.0,2.0,32968.0,6307.0,1160.0,43623.0,64.0,7080.0,28556.0,469.0,669.0
2022-02-08,5803.0,3518.0,3461.0,643.0,4.0,33054.0,6200.0,1717.0,41705.0,69.0,7327.0,21888.0,534.0,562.0
2022-02-09,6080.0,3639.0,2557.0,589.0,0.0,36474.0,5298.0,2361.0,47899.0,66.0,7518.0,21054.0,454.0,514.0
2022-02-10,6679.0,4026.0,1997.0,599.0,1.0,35525.0,5518.0,1362.0,31513.0,69.0,6116.0,23145.0,498.0,571.0
2022-02-11,7092.0,4380.0,1961.0,538.0,1.0,32229.0,4250.0,1694.0,31140.0,50.0,5360.0,21304.0,448.0,504.0
2022-02-12,1743.0,996.0,386.0,138.0,0.0,9361.0,1940.0,179.0,7998.0,0.0,538.0,3236.0,57.0,121.0
2022-02-13,2425.0,1403.0,446.0,169.0,0.0,10372.0,3007.0,154.0,3130.0,3.0,1739.0,5179.0,37.0,156.0
2022-02-14,10037.0,6218.0,2833.0,710.0,0.0,34967.0,6074.0,1630.0,31113.0,85.0,6570.0,26361.0,485.0,696.0
2022-02-15,3949.0,1892.0,1759.0,598.0,2.0,28401.0,4784.0,1501.0,42524.0,41.0,4719.0,28994.0,508.0,581.0
2022-02-16,3714.0,1797.0,1914.0,535.0,1.0,27697.0,4251.0,1819.0,44314.0,55.0,5602.0,21335.0,424.0,562.0
2022-02-17,3564.0,1778.0,1806.0,589.0,2.0,25232.0,4760.0,1165.0,35133.0,41.0,4708.0,23747.0,462.0,508.0
2022-02-18,3505.0,1614.0,1756.0,532.0,2.0,22051.0,3504.0,1624.0,33967.0,54.0,3560.0,22742.0,534.0,497.0
2022-02-19,442.0,119.0,292.0,72.0,0.0,3709.0,1631.0,47.0,8557.0,0.0,142.0,5345.0,27.0,101.0
2022-02-20,772.0,271.0,476.0,120.0,0.0,10332.0,2036.0,126.0,2722.0,2.0,333.0,4503.0,31.0,131.0
2022-02-21,4156.0,1841.0,1841.0,635.0,0.0,24980.0,5166.0,1542.0,33892.0,54.0,7578.0,24668.0,497.0,478.0
2022-02-22,4821.0,1885.0,1908.0,632.0,0.0,31141.0,4222.0,1270.0,42144.0,61.0,8468.0,19477.0,469.0,413.0
2022-02-23,4587.0,1772.0,3661.0,484.0,1.0,26079.0,4033.0,2091.0,28966.0,93.0,10224.0,18307.0,448.0,556.0
2022-02-24,4565.0,1779.0,2503.0,494.0,2.0,22111.0,3759.0,1353.0,28746.0,97.0,12211.0,21321.0,437.0,549.0
2022-02-25,4694.0,1674.0,2296.0,480.0,3.0,19143.0,4007.0,1589.0,32577.0,61.0,9210.0,21415.0,443.0,611.0
2022-02-26,1212.0,304.0,365.0,105.0,0.0,6988.0,2046.0,60.0,9361.0,5.0,436.0,3815.0,19.0,104.0
2022-02-27,1400.0,328.0,409.0,131.0,0.0,4610.0,2096.0,215.0,3814.0,1.0,703.0,6068.0,42.0,242.0
2022-02-28,8215.0,2491.0,2233.0,771.0,0.0,26877.0,5775.0,1215.0,46190.0,61.0,6982.0,41172.0,446.0,1155.0
2022-03-01,3332.0,2035.0,2224.0,671.0,1.0,25827.0,5735.0,1593.0,66416.0,64.0,10176.0,100788.0,481.0,818.0
2022-03-02,3200.0,2140.0,2266.0,584.0,1.0,23621.0,5723.0,1863.0,91628.0,56.0,8266.0,47952.0,411.0,695.0
2022-03-03,3239.0,2192.0,2546.0,620.0,0.0,27450.0,5700.0,1273.0,60587.0,49.0,7855.0,31344.0,480.0,680.0
2022-03-04,3216.0,2267.0,1833.0,552.0,0.0,23321.0,5097.0,2059.0,43514.0,46.0,4304.0,23521.0,463.0,597.0
2022-03-05,688.0,449.0,497.0,150.0,0.0,5723.0,2105.0,130.0,12905.0,1.0,360.0,3956.0,46.0,123.0
2022-03-06,521.0,344.0,340.0,143.0,0.0,3915.0,2399.0,128.0,3017.0,1.0,496.0,4125.0,37.0,124.0
2022-03-07,4195.0,3200.0,2246.0,737.0,3.0,32578.0,6411.0,1559.0,42377.0,79.0,6596.0,26441.0,594.0,731.0
2022-03-08,4505.0,3467.0,3325.0,595.0,1.0,32710.0,5552.0,1532.0,46617.0,66.0,8853.0,23553.0,498.0,543.0
2022-03-09,4652.0,3606.0,2377.0,621.0,1.0,32723.0,5338.0,1017.0,42164.0,48.0,7332.0,24786.0,453.0,586.0
2022-03-10,4624.0,3670.0,2200.0,629.0,0.0,30708.0,5149.0,1861.0,33532.0,60.0,6107.0,23994.0,504.0,604.0
2022-03-11,4871.0,3911.0,1812.0,578.0,1.0,27872.0,4223.0,1224.0,32840.0,44.0,6163.0,19684.0,452.0,623.0
2022-03-12,932.0,673.0,359.0,93.0,1.0,5517.0,1938.0,77.0,12519.0,4.0,509.0,3037.0,29.0,124.0
2022-03-13,1301.0,1035.0,467.0,157.0,1.0,7563.0,2811.0,100.0,3961.0,0.0,892.0,4574.0,36.0,179.0
2022-03-14,6417.0,5108.0,3118.0,872.0,1.0,30800.0,6127.0,1350.0,34004.0,48.0,6670.0,23823.0,479.0,793.0
2022-03-15,2731.0,1894.0,2104.0,620.0,4.0,24390.0,4900.0,1730.0,42996.0,69.0,5027.0,31644.0,521.0,601.0
2022-03-16,2626.0,1689.0,1945.0,537.0,0.0,23827.0,4632.0,1815.0,41865.0,76.0,4553.0,24992.0,516.0,587.0
2022-03-17,2340.0,1591.0,1870.0,551.0,1.0,21918.0,4521.0,1365.0,32067.0,66.0,4570.0,21799.0,545.0,543.0
2022-03-18,2257.0,1429.0,1760.0,614.0,4.0,17288.0,4345.0,1196.0,34544.0,59.0,2588.0,22341.0,561.0,574.0
2022-03-19,323.0,158.0,326.0,85.0,0.0,2860.0,1708.0,73.0,6194.0,0.0,243.0,2838.0,25.0,105.0
2022-03-20,425.0,176.0,422.0,130.0,0.0,4431.0,2506.0,75.0,2455.0,117.0,253.0,4628.0,26.0,131.0
2022-03-21,2816.0,1910.0,3519.0,719.0,6.0,23328.0,5294.0,1689.0,35121.0,56.0,5275.0,25500.0,515.0,750.0
2022-03-22,2539.0,1774.0,2028.0,730.0,0.0,22596.0,5106.0,4087.0,47769.0,59.0,5414.0,22692.0,532.0,554.0
2022-03-23,2517.0,1684.0,1756.0,616.0,5.0,22823.0,5249.0,1802.0,32400.0,85.0,6442.0,20205.0,520.0,507.0
2022-03-24,2168.0,1474.0,2184.0,572.0,2.0,26721.0,4533.0,1478.0,27399.0,59.0,5813.0,18603.0,541.0,597.0
2022-03-25,2222.0,1353.0,1328.0,569.0,5.0,16943.0,4514.0,1442.0,30538.0,51.0,4789.0,20043.0,509.0,623.0
2022-03-26,0.0,0.0,0.0,0.0,0.0,0.0,0.0,0.0,0.0,0.0,0.0,0.0,0.0,0.0
2022-03-27,508.0,216.0,277.0,142.0,0.0,4674.0,2797.0,311.0,3122.0,0.0,688.0,4025.0,37.0,228.0
2022-03-28,2523.0,1606.0,1618.0,764.0,8.0,20720.0,5818.0,990.0,32624.0,68.0,11146.0,25486.0,566.0,857.0
2022-03-29,2709.0,1543.0,2087.0,625.0,4.0,20554.0,5335.0,1649.0,35642.0,43.0,11707.0,22739.0,552.0,735.0
2022-03-30,2616.0,1555.0,2988.0,680.0,10.0,20553.0,6131.0,1972.0,33581.0,44.0,9781.0,26320.0,548.0,823.0
2022-03-31,3106.0,1676.0,2466.0,909.0,8.0,21852.0,6370.0,1163.0,49573.0,57.0,6352.0,41905.0,614.0,1261.0
2022-04-01,2840.0,1666.0,1932.0,734.0,8.0,20175.0,5894.0,1400.0,67529.0,68.0,7491.0,91487.0,505.0,1027.0
2022-04-02,371.0,203.0,557.0,202.0,0.0,2765.0,2208.0,96.0,40910.0,1.0,591.0,10345.0,36.0,154.0
2022-04-03,514.0,292.0,763.0,192.0,0.0,3662.0,3191.0,205.0,6179.0,0.0,986.0,21120.0,70.0,297.0
2022-04-04,3267.0,2265.0,2371.0,903.0,3.0,24213.0,7495.0,1348.0,56196.0,32.0,10720.0,47486.0,519.0,1065.0
2022-04-05,3698.0,2709.0,2103.0,828.0,4.0,26923.0,6498.0,1854.0,59474.0,67.0,8857.0,33782.0,542.0,945.0
2022-04-06,3971.0,2915.0,2351.0,715.0,6.0,27736.0,6067.0,802.0,60577.0,60.0,8235.0,29185.0,516.0,765.0
2022-04-07,4386.0,3376.0,4753.0,672.0,6.0,29921.0,6305.0,1660.0,41011.0,42.0,7370.0,25289.0,480.0,730.0
2022-04-08,4310.0,3250.0,1543.0,642.0,1.0,28100.0,5721.0,1337.0,38152.0,74.0,4688.0,21907.0,539.0,724.0
2022-04-09,913.0,678.0,327.0,142.0,0.0,5216.0,2603.0,25.0,10407.0,0.0,481.0,3411.0,26.0,167.0
2022-04-10,1173.0,944.0,528.0,203.0,1.0,7066.0,3134.0,161.0,5145.0,1.0,706.0,7794.0,47.0,247.0
2022-04-11,6079.0,5079.0,2623.0,778.0,1.0,34095.0,6979.0,1371.0,40948.0,85.0,9895.0,28187.0,621.0,811.0
2022-04-12,6593.0,5641.0,3094.0,720.0,3.0,32356.0,6069.0,1534.0,41498.0,60.0,9521.0,25275.0,502.0,857.0
2022-04-13,2770.0,1806.0,2592.0,665.0,3.0,21869.0,4879.0,1341.0,39115.0,43.0,7060.0,22076.0,557.0,779.0
2022-04-14,2236.0,1489.0,1771.0,654.0,0.0,21604.0,4503.0,2098.0,34083.0,47.0,3800.0,28023.0,491.0,754.0
2022-04-15,444.0,255.0,176.0,127.0,0.0,3448.0,1925.0,83.0,10998.0,0.0,239.0,5602.0,30.0,93.0
2022-04-16,257.0,150.0,159.0,62.0,0.0,2600.0,1495.0,60.0,4042.0,1.0,241.0,2050.0,11.0,45.0
2022-04-17,297.0,176.0,103.0,64.0,0.0,3320.0,1480.0,58.0,2572.0,0.0,284.0,2773.0,20.0,73.0
2022-04-18,618.0,308.0,397.0,173.0,0.0,4363.0,2892.0,69.0,5835.0,4.0,652.0,5351.0,49.0,180.0
2022-04-19,2833.0,1928.0,2050.0,777.0,2.0,24225.0,5856.0,2528.0,47521.0,59.0,6416.0,28694.0,542.0,791.0
2022-04-20,2930.0,1932.0,1827.0,644.0,1.0,22254.0,5206.0,2175.0,43171.0,61.0,6689.0,25660.0,516.0,609.0
2022-04-21,2797.0,1696.0,3098.0,637.0,0.0,24775.0,5119.0,1673.0,39522.0,47.0,5503.0,27506.0,577.0,590.0
2022-04-22,2308.0,1407.0,3745.0,647.0,0.0,19313.0,4608.0,2245.0,40307.0,53.0,5003.0,21226.0,461.0,543.0
2022-04-23,331.0,189.0,259.0,79.0,0.0,3743.0,1710.0,33.0,8668.0,0.0,324.0,3183.0,26.0,81.0
2022-04-24,546.0,283.0,528.0,175.0,3.0,4828.0,3043.0,191.0,3380.0,2.0,571.0,5003.0,52.0,171.0
2022-04-25,2895.0,1713.0,1832.0,854.0,3.0,22456.0,6125.0,1892.0,38842.0,51.0,10062.0,24724.0,577.0,784.0
2022-04-26,3042.0,1652.0,2396.0,689.0,5.0,24231.0,6059.0,2051.0,40948.0,115.0,11866.0,23446.0,622.0,831.0
2022-04-27,2991.0,1685.0,2457.0,696.0,4.0,21760.0,5502.0,1193.0,39971.0,57.0,11715.0,24853.0,497.0,789.0
2022-04-28,2970.0,1772.0,3172.0,745.0,29.0,22310.0,5460.0,1829.0,28195.0,49.0,9480.0,25771.0,528.0,947.0
2022-04-29,2509.0,1475.0,1967.0,773.0,17.0,19962.0,5789.0,1415.0,11699.0,99.0,3903.0,33923.0,523.0,1204.0
2022-04-30,559.0,285.0,362.0,118.0,2.0,4277.0,2441.0,191.0,2350.0,0.0,382.0,12188.0,34.0,152.0
2022-05-01,696.0,331.0,526.0,191.0,0.0,5978.0,3273.0,145.0,2346.0,1.0,862.0,15132.0,43.0,309.0
2022-05-02,3734.0,2178.0,2356.0,907.0,13.0,25966.0,7752.0,1157.0,18607.0,48.0,9502.0,91513.0,533.0,1339.0
2022-05-03,3837.0,2666.0,2400.0,767.0,29.0,27270.0,6703.0,2094.0,34884.0,60.0,10681.0,48909.0,574.0,1042.0
2022-05-04,4086.0,2854.0,2584.0,789.0,25.0,30817.0,6612.0,2428.0,92801.0,59.0,9407.0,31835.0,513.0,949.0
2022-05-05,4357.0,3010.0,3030.0,780.0,12.0,29345.0,5851.0,1284.0,101948.0,59.0,6753.0,28568.0,515.0,836.0
2022-05-06,4253.0,2973.0,1752.0,629.0,10.0,27882.0,4911.0,1153.0,105229.0,59.0,5864.0,25693.0,515.0,843.0
2022-05-07,890.0,603.0,328.0,111.0,1.0,5019.0,2148.0,295.0,47887.0,0.0,440.0,4604.0,22.0,123.0
2022-05-08,743.0,485.0,420.0,172.0,6.0,4411.0,2598.0,93.0,3886.0,1.0,665.0,4866.0,50.0,162.0
2022-05-09,6135.0,4401.0,4511.0,905.0,15.0,36052.0,7052.0,1070.0,42785.0,60.0,7574.0,27025.0,629.0,947.0
2022-05-10,7160.0,5001.0,2740.0,833.0,17.0,39227.0,6516.0,1543.0,50595.0,55.0,8481.0,33281.0,592.0,906.0
2022-05-11,8047.0,5687.0,2859.0,783.0,28.0,39358.0,7030.0,2130.0,43420.0,79.0,9061.0,24293.0,601.0,857.0
2022-05-12,8957.0,6405.0,2951.0,808.0,17.0,35143.0,5520.0,1659.0,39823.0,54.0,6524.0,22526.0,543.0,930.0
2022-05-13,2563.0,1821.0,1617.0,702.0,24.0,16809.0,4428.0,1612.0,37935.0,86.0,2412.0,26000.0,499.0,833.0
2022-05-14,175.0,114.0,276.0,90.0,5.0,1647.0,1805.0,78.0,12093.0,1.0,151.0,3533.0,18.0,105.0
2022-05-15,329.0,210.0,490.0,157.0,4.0,2124.0,2757.0,96.0,3883.0,1.0,311.0,5075.0,57.0,152.0
2022-05-16,2657.0,1869.0,2040.0,794.0,45.0,20479.0,6445.0,1411.0,46929.0,57.0,4691.0,32998.0,592.0,932.0
2022-05-17,2566.0,1851.0,2139.0,818.0,47.0,22111.0,5749.0,1317.0,44910.0,70.0,5661.0,28165.0,661.0,839.0
2022-05-18,2420.0,1753.0,1783.0,663.0,67.0,19246.0,5686.0,2017.0,36450.0,61.0,5542.0,24498.0,590.0,757.0
2022-05-19,2275.0,1664.0,2369.0,641.0,20.0,20339.0,5209.0,1436.0,37472.0,51.0,4918.0,23783.0,511.0,735.0
2022-05-20,2058.0,1439.0,1386.0,747.0,41.0,16496.0,4887.0,1817.0,27239.0,61.0,3515.0,21789.0,482.0,734.0
2022-05-21,91.0,59.0,192.0,109.0,2.0,820.0,1967.0,40.0,15344.0,1.0,125.0,2993.0,40.0,105.0
2022-05-22,271.0,156.0,411.0,159.0,3.0,2278.0,3218.0,173.0,3285.0,2.0,625.0,7655.0,47.0,210.0
2022-05-23,2360.0,1798.0,3875.0,882.0,47.0,18096.0,6391.0,1322.0,40217.0,56.0,8628.0,27154.0,645.0,971.0
2022-05-24,2235.0,1585.0,2901.0,839.0,40.0,18826.0,5705.0,1689.0,41145.0,82.0,9039.0,23782.0,549.0,952.0
2022-05-25,1968.0,1452.0,2701.0,755.0,42.0,16696.0,5198.0,2676.0,39429.0,71.0,10075.0,23915.0,581.0,971.0
2022-05-26,430.0,280.0,490.0,185.0,13.0,3511.0,2754.0,195.0,13237.0,6.0,1437.0,6381.0,89.0,342.0
2022-05-27,1283.0,939.0,1769.0,575.0,30.0,11706.0,5183.0,1411.0,25338.0,45.0,8881.0,22643.0,411.0,747.0
2022-05-28,230.0,151.0,255.0,108.0,2.0,2030.0,1969.0,147.0,9394.0,3.0,738.0,3943.0,14.0,135.0
2022-05-29,302.0,157.0,462.0,181.0,2.0,2012.0,2831.0,100.0,4381.0,2.0,1666.0,4909.0,72.0,224.0
2022-05-30,2172.0,1608.0,3413.0,952.0,27.0,16944.0,6946.0,1551.0,37812.0,130.0,12093.0,32520.0,529.0,1191.0
2022-05-31,2392.0,1709.0,2033.0,1046.0,36.0,21838.0,7007.0,2169.0,52559.0,58.0,8540.0,50417.0,614.0,1495.0
2022-06-01,2334.0,1817.0,2749.0,1002.0,134.0,20470.0,7128.0,2495.0,75962.0,69.0,11914.0,96827.0,535.0,1216.0
2022-06-02,2617.0,1963.0,3630.0,826.0,72.0,22092.0,7195.0,1253.0,96138.0,51.0,11523.0,44344.0,587.0,1281.0
2022-06-03,2354.0,1804.0,2066.0,779.0,52.0,19648.0,6163.0,1852.0,57088.0,80.0,6057.0,38118.0,546.0,1044.0
2022-06-04,230.0,159.0,475.0,108.0,7.0,2196.0,2144.0,58.0,23878.0,4.0,206.0,4253.0,43.0,160.0
2022-06-05,413.0,284.0,584.0,214.0,7.0,2915.0,3370.0,109.0,3617.0,1.0,457.0,5783.0,42.0,254.0
2022-06-06,3572.0,2811.0,2257.0,926.0,33.0,27779.0,6940.0,1311.0,44075.0,96.0,8738.0,32196.0,537.0,1187.0
2022-06-07,3847.0,3014.0,2364.0,778.0,43.0,26948.0,6552.0,1573.0,53365.0,79.0,7765.0,30302.0,487.0,864.0
2022-06-08,4092.0,3272.0,4590.0,760.0,39.0,28679.0,6568.0,1907.0,44561.0,82.0,8081.0,25606.0,555.0,878.0
2022-06-09,4481.0,3689.0,3100.0,762.0,37.0,28572.0,6625.0,1256.0,36977.0,52.0,7358.0,24657.0,512.0,814.0
2022-06-10,4170.0,3567.0,2110.0,666.0,28.0,23379.0,5534.0,1018.0,43102.0,41.0,7012.0,25858.0,513.0,1006.0
2022-06-11,495.0,417.0,382.0,81.0,4.0,2579.0,2242.0,42.0,15026.0,1.0,445.0,3612.0,39.0,133.0
2022-06-12,838.0,718.0,485.0,161.0,8.0,4383.0,2981.0,63.0,3096.0,4.0,473.0,4858.0,63.0,219.0
2022-06-13,6077.0,5188.0,2935.0,975.0,30.0,28200.0,7741.0,2382.0,37408.0,76.0,10267.0,31411.0,553.0,1202.0
2022-06-14,2696.0,2022.0,2818.0,869.0,27.0,22831.0,6282.0,1921.0,45024.0,72.0,7951.0,25694.0,534.0,1115.0
2022-06-15,2306.0,1785.0,2280.0,782.0,20.0,19873.0,6787.0,2563.0,48174.0,51.0,6185.0,33034.0,483.0,1006.0
2022-06-16,2315.0,1790.0,2690.0,768.0,28.0,18765.0,5661.0,1716.0,48984.0,56.0,6234.0,26987.0,522.0,927.0
2022-06-17,1970.0,1483.0,1892.0,660.0,29.0,15379.0,4233.0,1315.0,31215.0,73.0,4170.0,23825.0,495.0,850.0
2022-06-18,118.0,93.0,235.0,131.0,45.0,1006.0,2335.0,231.0,16006.0,2.0,116.0,3647.0,31.0,100.0
2022-06-19,287.0,199.0,459.0,195.0,44.0,2154.0,3573.0,169.0,4600.0,2.0,374.0,5786.0,60.0,233.0
2022-06-20,2295.0,1761.0,2292.0,965.0,178.0,19100.0,6866.0,1641.0,37778.0,57.0,6889.0,27671.0,577.0,1147.0
2022-06-21,2287.0,1732.0,4066.0,815.0,125.0,17529.0,6407.0,1613.0,44121.0,50.0,7959.0,28750.0,513.0,845.0
2022-06-22,1946.0,1502.0,3170.0,866.0,162.0,16125.0,5677.0,3228.0,40210.0,90.0,8028.0,25283.0,544.0,1014.0
2022-06-23,1598.0,1176.0,1682.0,806.0,119.0,14051.0,4734.0,1129.0,35761.0,77.0,5192.0,23110.0,459.0,1045.0
2022-06-24,116.0,96.0,219.0,101.0,9.0,1911.0,1322.0,71.0,10293.0,1.0,174.0,2688.0,15.0,107.0
2022-06-25,46.0,37.0,161.0,63.0,12.0,1065.0,980.0,7.0,2976.0,0.0,38.0,1398.0,4.0,31.0
2022-06-26,141.0,92.0,290.0,71.0,17.0,1646.0,1978.0,68.0,2390.0,2.0,587.0,3559.0,25.0,129.0
2022-06-27,2010.0,1438.0,2641.0,743.0,119.0,17158.0,5107.0,1472.0,30471.0,82.0,13356.0,31667.0,495.0,925.0
2022-06-28,1940.0,1500.0,2429.0,793.0,128.0,17720.0,5632.0,2195.0,41086.0,73.0,14525.0,29735.0,441.0,1003.0
2022-06-29,1919.0,1503.0,3488.0,807.0,128.0,14636.0,6046.0,2718.0,37760.0,59.0,12765.0,26890.0,528.0,1017.0
2022-06-30,1969.0,1566.0,2815.0,902.0,115.0,16319.0,6308.0,1463.0,47409.0,185.0,8021.0,43300.0,471.0,1358.0
2022-07-01,1925.0,1539.0,2318.0,755.0,194.0,15942.0,5633.0,1530.0,70624.0,43.0,9081.0,93281.0,460.0,1087.0
2022-07-02,199.0,165.0,396.0,126.0,35.0,1415.0,1881.0,157.0,20471.0,0.0,956.0,8094.0,60.0,184.0
2022-07-03,326.0,238.0,556.0,156.0,38.0,2474.0,3194.0,168.0,4453.0,1.0,1110.0,20138.0,58.0,228.0
2022-07-04,2916.0,2229.0,2604.0,776.0,215.0,21926.0,6484.0,997.0,62828.0,47.0,12021.0,46895.0,452.0,1086.0
2022-07-05,3537.0,2846.0,4719.0,665.0,223.0,25687.0,7064.0,1715.0,66588.0,64.0,11453.0,34600.0,477.0,845.0
2022-07-06,3883.0,2959.0,3261.0,642.0,137.0,26557.0,6120.0,1945.0,70518.0,42.0,9716.0,27469.0,430.0,633.0
2022-07-07,3968.0,3286.0,3328.0,574.0,115.0,27685.0,5346.0,2016.0,57348.0,54.0,6866.0,25576.0,419.0,640.0
2022-07-08,3891.0,3081.0,2006.0,467.0,87.0,25112.0,4632.0,1287.0,43707.0,46.0,4591.0,21269.0,438.0,532.0
2022-07-09,666.0,467.0,364.0,117.0,17.0,4205.0,1869.0,91.0,9653.0,0.0,243.0,3236.0,42.0,94.0
2022-07-10,897.0,709.0,580.0,117.0,29.0,5514.0,2869.0,93.0,3736.0,2.0,525.0,6944.0,33.0,156.0
2022-07-11,5400.0,4486.0,2536.0,538.0,115.0,31145.0,6058.0,1049.0,38619.0,56.0,7206.0,22207.0,355.0,618.0
2022-07-12,6035.0,5099.0,2136.0,484.0,104.0,29654.0,4851.0,1360.0,44119.0,44.0,7603.0,22229.0,344.0,471.0
2022-07-13,2612.0,1903.0,2441.0,479.0,138.0,19610.0,4870.0,2073.0,36874.0,52.0,8582.0,18437.0,366.0,506.0
2022-07-14,2507.0,1789.0,3300.0,382.0,126.0,17109.0,4795.0,1169.0,27366.0,60.0,5797.0,19416.0,351.0,463.0
2022-07-15,2021.0,1351.0,1638.0,449.0,72.0,13364.0,3914.0,924.0,34610.0,44.0,3138.0,20853.0,400.0,464.0
2022-07-16,294.0,138.0,297.0,110.0,23.0,1980.0,1925.0,126.0,13083.0,1.0,207.0,3693.0,33.0,84.0
2022-07-17,288.0,168.0,399.0,129.0,27.0,1857.0,2547.0,148.0,3164.0,2.0,343.0,4291.0,31.0,105.0
2022-07-18,2143.0,1446.0,1999.0,525.0,101.0,16044.0,4877.0,1091.0,37486.0,30.0,5267.0,24533.0,353.0,411.0
2022-07-19,2198.0,1441.0,2252.0,430.0,152.0,13895.0,4434.0,1654.0,40030.0,36.0,5004.0,19263.0,373.0,310.0
2022-07-20,2149.0,1386.0,2750.0,334.0,5.0,13859.0,3539.0,1572.0,35811.0,25.0,5393.0,15519.0,270.0,314.0
2022-07-21,1938.0,1317.0,2767.0,332.0,86.0,11249.0,3732.0,1105.0,28182.0,35.0,4303.0,16534.0,303.0,307.0
2022-07-22,1496.0,1031.0,1586.0,299.0,43.0,9799.0,2864.0,1205.0,27891.0,16.0,3720.0,15685.0,340.0,259.0
2022-07-23,161.0,113.0,369.0,73.0,15.0,1221.0,2043.0,76.0,9459.0,0.0,263.0,2614.0,33.0,58.0
2022-07-24,238.0,155.0,420.0,130.0,29.0,1119.0,2339.0,194.0,3214.0,1.0,430.0,3625.0,62.0,120.0
2022-07-25,1997.0,1352.0,1890.0,450.0,84.0,14360.0,4541.0,1369.0,28763.0,49.0,8196.0,17911.0,378.0,437.0
2022-07-26,2206.0,1411.0,2004.0,423.0,90.0,17404.0,3995.0,1549.0,33467.0,35.0,10374.0,18916.0,396.0,429.0
2022-07-27,2133.0,1354.0,2263.0,402.0,76.0,14688.0,4373.0,1533.0,27966.0,39.0,10903.0,17801.0,335.0,386.0
2022-07-28,2077.0,1353.0,3125.0,411.0,81.0,14231.0,4109.0,1355.0,31005.0,41.0,8387.0,21106.0,365.0,438.0
2022-07-29,1656.0,1092.0,1499.0,333.0,102.0,12658.0,3677.0,1054.0,35068.0,30.0,3923.0,25321.0,328.0,438.0
2022-07-30,307.0,176.0,329.0,66.0,14.0,1837.0,1823.0,225.0,11417.0,0.0,361.0,3948.0,23.0,123.0
2022-07-31,424.0,227.0,389.0,138.0,23.0,2408.0,2734.0,106.0,5854.0,0.0,558.0,9380.0,82.0,226.0
2022-08-01,2894.0,1919.0,2382.0,818.0,198.0,19828.0,6552.0,1391.0,60094.0,29.0,10220.0,88287.0,419.0,849.0
2022-08-02,3249.0,2261.0,2597.0,631.0,209.0,22657.0,6097.0,2179.0,78746.0,41.0,9451.0,42071.0,496.0,651.0
2022-08-03,3429.0,2454.0,2659.0,576.0,183.0,23056.0,5915.0,2000.0,60488.0,72.0,8945.0,26586.0,434.0,555.0
2022-08-04,3419.0,2452.0,2809.0,512.0,152.0,22369.0,4394.0,1548.0,51240.0,33.0,8378.0,25493.0,439.0,537.0
2022-08-05,3291.0,2323.0,3665.0,487.0,76.0,21994.0,4447.0,858.0,42013.0,39.0,4603.0,20414.0,421.0,430.0
2022-08-06,415.0,276.0,359.0,74.0,14.0,2859.0,1841.0,45.0,9755.0,0.0,212.0,3203.0,26.0,122.0
2022-08-07,656.0,387.0,461.0,137.0,16.0,4027.0,2747.0,43.0,3348.0,0.0,410.0,4079.0,23.0,145.0
2022-08-08,4796.0,3373.0,2198.0,684.0,173.0,33368.0,6598.0,1166.0,42653.0,55.0,8635.0,24351.0,464.0,630.0
2022-08-09,5610.0,3967.0,2650.0,666.0,123.0,34409.0,6118.0,1447.0,44708.0,30.0,7532.0,22263.0,521.0,549.0
2022-08-10,6033.0,4227.0,2025.0,632.0,148.0,33245.0,6516.0,1697.0,34726.0,56.0,9225.0,23100.0,476.0,614.0
2022-08-11,7261.0,5046.0,3292.0,595.0,120.0,33121.0,7051.0,1343.0,32391.0,48.0,8202.0,20020.0,457.0,561.0
2022-08-12,7501.0,5396.0,2492.0,622.0,88.0,30139.0,5274.0,1188.0,34487.0,36.0,5139.0,19355.0,439.0,631.0
2022-08-13,215.0,147.0,206.0,61.0,5.0,1219.0,1687.0,51.0,9685.0,1.0,616.0,2574.0,35.0,92.0
2022-08-14,223.0,148.0,451.0,132.0,22.0,1644.0,2651.0,85.0,3019.0,0.0,317.0,3927.0,38.0,125.0
2022-08-15,2692.0,1984.0,2181.0,717.0,138.0,20106.0,5805.0,1402.0,44497.0,45.0,4594.0,26229.0,473.0,670.0
2022-08-16,2626.0,1905.0,2016.0,570.0,130.0,20782.0,5716.0,1725.0,51314.0,71.0,5661.0,24002.0,487.0,610.0
2022-08-17,2444.0,1838.0,2111.0,644.0,165.0,18937.0,5260.0,2496.0,35780.0,54.0,5091.0,27293.0,473.0,614.0
2022-08-18,2356.0,1739.0,2096.0,620.0,107.0,18624.0,5422.0,1243.0,34179.0,49.0,3843.0,21307.0,508.0,614.0
2022-08-19,1899.0,1367.0,1372.0,551.0,172.0,14339.0,3999.0,908.0,25769.0,60.0,2698.0,19566.0,476.0,585.0
2022-08-20,86.0,62.0,235.0,82.0,10.0,438.0,1547.0,45.0,18361.0,2.0,83.0,2698.0,18.0,89.0
2022-08-21,191.0,118.0,449.0,113.0,43.0,2166.0,2629.0,111.0,3336.0,4.0,273.0,4305.0,49.0,138.0
2022-08-22,2303.0,1600.0,1845.0,726.0,281.0,16593.0,6409.0,1828.0,37860.0,48.0,5716.0,25952.0,422.0,729.0
2022-08-23,2335.0,1705.0,3793.0,705.0,177.0,17878.0,5231.0,1146.0,40698.0,59.0,6016.0,23195.0,585.0,559.0
2022-08-24,2215.0,1543.0,1930.0,672.0,207.0,17143.0,5484.0,1586.0,38391.0,48.0,7206.0,24327.0,484.0,710.0
2022-08-25,1854.0,1388.0,2725.0,685.0,212.0,16346.0,5441.0,1117.0,31595.0,89.0,7235.0,20827.0,485.0,685.0
2022-08-26,1600.0,1187.0,1545.0,598.0,121.0,12069.0,4525.0,1028.0,29012.0,81.0,6870.0,19066.0,532.0,658.0
2022-08-27,114.0,83.0,301.0,97.0,14.0,1594.0,1633.0,62.0,9132.0,0.0,282.0,2972.0,20.0,109.0
2022-08-28,216.0,118.0,398.0,201.0,43.0,1539.0,2517.0,86.0,3907.0,1.0,609.0,4061.0,40.0,243.0
2022-08-29,2243.0,1626.0,2500.0,797.0,181.0,16253.0,6447.0,1096.0,34381.0,48.0,13864.0,28133.0,487.0,982.0
2022-08-30,2193.0,1505.0,3276.0,702.0,186.0,15628.0,5758.0,1915.0,36101.0,53.0,11269.0,28370.0,535.0,961.0
2022-08-31,2327.0,1602.0,2869.0,877.0,133.0,15392.0,6595.0,2529.0,48342.0,41.0,7891.0,45565.0,529.0,1331.0
2022-09-01,2181.0,1630.0,2558.0,861.0,213.0,18180.0,6168.0,1282.0,70110.0,55.0,10882.0,94875.0,550.0,1126.0
2022-09-02,2154.0,1636.0,2521.0,716.0,140.0,15654.0,5543.0,947.0,75842.0,61.0,8135.0,40032.0,480.0,1067.0
2022-09-03,226.0,160.0,643.0,140.0,27.0,1820.0,2259.0,79.0,46355.0,0.0,421.0,7061.0,29.0,186.0
2022-09-04,314.0,268.0,637.0,165.0,36.0,2438.0,3249.0,116.0,7001.0,3.0,1063.0,6349.0,42.0,259.0
2022-09-05,3077.0,2463.0,2590.0,904.0,174.0,23193.0,7466.0,1048.0,48626.0,54.0,10406.0,35212.0,485.0,1175.0
2022-09-06,3490.0,2814.0,2539.0,740.0,184.0,28380.0,6734.0,1303.0,67285.0,44.0,8275.0,29711.0,497.0,867.0
2022-09-07,3773.0,3104.0,2904.0,862.0,140.0,30441.0,6697.0,1148.0,53559.0,73.0,7342.0,28535.0,506.0,821.0
2022-09-08,4244.0,3401.0,4579.0,621.0,347.0,28768.0,6346.0,1628.0,39890.0,44.0,7068.0,28867.0,573.0,746.0
2022-09-09,4337.0,3583.0,1891.0,633.0,157.0,27599.0,5717.0,1550.0,43045.0,71.0,4658.0,20724.0,531.0,804.0
2022-09-10,621.0,538.0,374.0,125.0,21.0,4467.0,1994.0,54.0,12061.0,2.0,254.0,5353.0,31.0,145.0
2022-09-11,1063.0,825.0,570.0,209.0,33.0,6135.0,3766.0,100.0,3479.0,5.0,804.0,4630.0,30.0,206.0
2022-09-12,6873.0,5920.0,2268.0,875.0,185.0,30722.0,7409.0,1699.0,37552.0,67.0,8487.0,25402.0,548.0,1025.0
2022-09-13,2617.0,1890.0,3007.0,727.0,194.0,20713.0,6107.0,2081.0,44329.0,71.0,9089.0,24131.0,544.0,791.0
2022-09-14,2325.0,1700.0,3784.0,830.0,133.0,21083.0,5791.0,2277.0,38338.0,56.0,7199.0,26838.0,521.0,877.0
2022-09-15,2384.0,1737.0,2394.0,669.0,155.0,21560.0,5720.0,1220.0,38900.0,52.0,4290.0,30781.0,584.0,869.0
2022-09-16,1937.0,1389.0,1624.0,654.0,142.0,16177.0,4854.0,1032.0,45413.0,50.0,3931.0,23121.0,540.0,773.0
2022-09-17,128.0,84.0,294.0,135.0,14.0,1759.0,1857.0,174.0,13014.0,0.0,184.0,3713.0,46.0,121.0
2022-09-18,163.0,119.0,415.0,197.0,24.0,2429.0,2661.0,148.0,3631.0,0.0,348.0,4978.0,57.0,187.0
2022-09-19,2415.0,1745.0,2212.0,808.0,113.0,21701.0,6238.0,1217.0,34460.0,54.0,5303.0,26373.0,511.0,965.0
2022-09-20,2479.0,1767.0,2002.0,726.0,166.0,20234.0,5827.0,1852.0,45512.0,63.0,5442.0,28836.0,539.0,744.0
2022-09-21,2301.0,1671.0,2039.0,715.0,135.0,18511.0,5183.0,2106.0,38539.0,77.0,5477.0,29596.0,483.0,738.0
2022-09-22,2295.0,1591.0,4350.0,724.0,126.0,16917.0,5056.0,1656.0,33912.0,47.0,5654.0,24324.0,509.0,819.0
2022-09-23,1780.0,1290.0,1261.0,586.0,122.0,13160.0,4436.0,1008.0,33980.0,43.0,3939.0,23615.0,477.0,841.0
2022-09-24,182.0,123.0,302.0,96.0,12.0,1190.0,1823.0,63.0,12828.0,0.0,396.0,3588.0,27.0,118.0
2022-09-25,204.0,144.0,427.0,177.0,43.0,1685.0,3056.0,110.0,3249.0,2.0,724.0,17336.0,34.0,219.0
2022-09-26,2107.0,1516.0,2206.0,821.0,122.0,17097.0,6143.0,1711.0,34251.0,47.0,11784.0,25316.0,533.0,952.0
2022-09-27,2017.0,1476.0,2516.0,682.0,135.0,16828.0,4986.0,1436.0,32806.0,115.0,11161.0,24020.0,464.0,837.0
2022-09-28,2034.0,1498.0,3027.0,784.0,131.0,17744.0,5925.0,2376.0,40170.0,53.0,12429.0,27992.0,522.0,966.0
2022-09-29,1849.0,1264.0,3660.0,924.0,122.0,13363.0,5800.0,936.0,33033.0,117.0,9051.0,28139.0,589.0,1090.0
2022-09-30,1629.0,1118.0,1837.0,835.0,123.0,13928.0,5837.0,1237.0,50597.0,119.0,4862.0,44813.0,519.0,1450.0
2022-10-01,175.0,97.0,420.0,214.0,23.0,2224.0,2720.0,71.0,25878.0,1.0,574.0,10870.0,27.0,245.0
2022-10-02,268.0,176.0,626.0,210.0,38.0,3430.0,4085.0,91.0,9554.0,2.0,1021.0,15806.0,53.0,380.0
2022-10-03,2455.0,1890.0,2796.0,1061.0,215.0,18140.0,8439.0,1174.0,58755.0,51.0,13494.0,96175.0,512.0,1653.0
2022-10-04,2792.0,2179.0,2987.0,906.0,154.0,22846.0,7073.0,1659.0,69436.0,117.0,12317.0,44899.0,589.0,1153.0
2022-10-05,3246.0,2477.0,2820.0,768.0,144.0,24910.0,7282.0,1643.0,96687.0,120.0,9826.0,35034.0,487.0,1011.0
2022-10-06,3657.0,2751.0,5136.0,846.0,94.0,27032.0,6797.0,1222.0,59787.0,90.0,8540.0,28573.0,541.0,1015.0
2022-10-07,3556.0,2706.0,2222.0,656.0,87.0,26266.0,5584.0,1210.0,52013.0,44.0,4848.0,25717.0,570.0,942.0
2022-10-08,528.0,380.0,447.0,122.0,14.0,3810.0,2316.0,51.0,11762.0,0.0,459.0,4356.0,26.0,178.0
2022-10-09,646.0,491.0,607.0,162.0,14.0,4438.0,3286.0,78.0,4629.0,0.0,397.0,4664.0,31.0,212.0
2022-10-10,5286.0,4148.0,2277.0,823.0,70.0,34792.0,8261.0,1143.0,41363.0,213.0,8165.0,32947.0,470.0,1148.0
2022-10-11,6076.0,4849.0,2618.0,744.0,84.0,36808.0,7652.0,1335.0,44556.0,88.0,8685.0,26111.0,563.0,936.0
2022-10-12,6408.0,5145.0,3343.0,734.0,79.0,30037.0,7032.0,2220.0,39518.0,78.0,8929.0,26149.0,443.0,919.0
2022-10-13,2756.0,1865.0,4027.0,689.0,82.0,22521.0,5639.0,1499.0,39403.0,47.0,6572.0,23225.0,500.0,858.0
2022-10-14,2676.0,1841.0,2001.0,675.0,60.0,18740.0,5568.0,1586.0,37343.0,46.0,3113.0,24096.0,513.0,851.0
2022-10-15,131.0,78.0,283.0,94.0,0.0,1315.0,1983.0,83.0,12437.0,1.0,189.0,3673.0,27.0,88.0
2022-10-16,291.0,170.0,594.0,169.0,3.0,2722.0,2965.0,134.0,4806.0,2.0,357.0,5750.0,37.0,219.0
2022-10-17,2920.0,2001.0,2095.0,861.0,28.0,22594.0,5873.0,1303.0,38482.0,63.0,5657.0,30320.0,511.0,976.0
2022-10-18,2785.0,1926.0,2237.0,642.0,23.0,21112.0,5560.0,1504.0,49306.0,117.0,5530.0,28347.0,497.0,742.0
2022-10-19,2766.0,1846.0,2212.0,667.0,28.0,25163.0,4861.0,1885.0,41539.0,42.0,4641.0,24624.0,404.0,736.0
2022-10-20,2511.0,1695.0,2137.0,579.0,18.0,19910.0,4692.0,1958.0,31804.0,41.0,4643.0,20666.0,431.0,700.0
2022-10-21,2108.0,1387.0,2987.0,595.0,11.0,17166.0,4382.0,1540.0,34911.0,65.0,3707.0,18815.0,453.0,680.0
2022-10-22,254.0,170.0,251.0,94.0,1.0,1331.0,2304.0,91.0,8915.0,1.0,188.0,6520.0,26.0,123.0
2022-10-23,231.0,140.0,467.0,148.0,4.0,1912.0,2628.0,117.0,3112.0,0.0,485.0,4219.0,33.0,182.0
2022-10-24,2952.0,1917.0,2183.0,814.0,10.0,23932.0,5885.0,1684.0,38565.0,83.0,7972.0,25590.0,533.0,910.0
2022-10-25,2854.0,1835.0,2386.0,740.0,10.0,21273.0,6208.0,1832.0,33694.0,50.0,8869.0,23311.0,554.0,788.0
2022-10-26,2684.0,1739.0,2673.0,664.0,22.0,19846.0,5555.0,2112.0,33403.0,67.0,10573.0,22120.0,506.0,717.0
2022-10-27,2614.0,1618.0,2980.0,646.0,51.0,19626.0,5017.0,1580.0,33335.0,43.0,11418.0,25281.0,464.0,929.0
2022-10-28,2115.0,1352.0,3036.0,670.0,18.0,19077.0,5045.0,1402.0,33410.0,122.0,7723.0,26540.0,479.0,974.0
2022-10-29,223.0,140.0,329.0,115.0,6.0,1587.0,2293.0,71.0,11670.0,3.0,287.0,4289.0,18.0,183.0
2022-10-30,383.0,201.0,522.0,202.0,8.0,3505.0,3512.0,201.0,3309.0,1.0,640.0,5604.0,35.0,303.0
2022-10-31,2944.0,1980.0,2289.0,946.0,22.0,22517.0,7909.0,1435.0,35994.0,55.0,7351.0,48597.0,540.0,1776.0
2022-11-01,2861.0,1974.0,2354.0,891.0,14.0,24571.0,7337.0,2200.0,61275.0,55.0,11192.0,100285.0,515.0,1365.0
2022-11-02,0.0,0.0,0.0,0.0,0.0,0.0,0.0,0.0,0.0,0.0,0.0,0.0,0.0,0.0
2022-11-03,3219.0,2209.0,3089.0,698.0,26.0,25417.0,6808.0,1671.0,62381.0,100.0,7984.0,36916.0,560.0,970.0
2022-11-04,2861.0,1984.0,2074.0,698.0,17.0,27265.0,5993.0,840.0,66720.0,145.0,5004.0,31542.0,514.0,939.0
2022-11-05,410.0,256.0,540.0,116.0,3.0,3129.0,2512.0,82.0,27709.0,17.0,331.0,4661.0,31.0,122.0
2022-11-06,592.0,334.0,727.0,194.0,6.0,4715.0,3772.0,62.0,27484.0,3.0,666.0,6116.0,48.0,194.0
2022-11-07,4418.0,3150.0,4061.0,958.0,21.0,29977.0,8057.0,1387.0,36009.0,66.0,8842.0,28607.0,476.0,1035.0
2022-11-08,4700.0,3328.0,2966.0,792.0,15.0,33910.0,7117.0,1679.0,52228.0,88.0,7447.0,25736.0,511.0,898.0
2022-11-09,5151.0,3468.0,3009.0,726.0,20.0,33768.0,6656.0,1791.0,46419.0,90.0,8369.0,24135.0,512.0,708.0
2022-11-10,5449.0,3768.0,2750.0,705.0,15.0,33568.0,7330.0,1660.0,42709.0,47.0,7240.0,25549.0,521.0,772.0
2022-11-11,5490.0,3772.0,2729.0,632.0,5.0,30840.0,5673.0,1178.0,39938.0,41.0,5571.0,24134.0,468.0,819.0
2022-11-12,885.0,600.0,355.0,175.0,2.0,4841.0,2339.0,67.0,13591.0,0.0,542.0,4318.0,13.0,147.0
2022-11-13,1038.0,661.0,531.0,143.0,2.0,4862.0,3244.0,89.0,3442.0,3.0,639.0,3953.0,49.0,240.0
2022-11-14,7940.0,5599.0,3599.0,936.0,12.0,31652.0,7713.0,1699.0,33267.0,189.0,7610.0,28796.0,473.0,1155.0
2022-11-15,2904.0,2069.0,2112.0,711.0,12.0,24106.0,6421.0,2625.0,47376.0,56.0,5153.0,30754.0,497.0,895.0
2022-11-16,2699.0,1867.0,2558.0,678.0,13.0,23650.0,5981.0,2025.0,50134.0,67.0,4920.0,28645.0,507.0,863.0
2022-11-17,2445.0,1744.0,2491.0,678.0,9.0,24234.0,5880.0,887.0,39777.0,57.0,4852.0,24277.0,494.0,789.0
2022-11-18,2089.0,1522.0,1673.0,649.0,15.0,23745.0,5000.0,1160.0,34498.0,55.0,2923.0,26285.0,488.0,753.0
2022-11-19,198.0,98.0,285.0,94.0,0.0,1277.0,2286.0,75.0,10851.0,1.0,122.0,4210.0,12.0,97.0
2022-11-20,233.0,143.0,483.0,159.0,0.0,2111.0,3080.0,149.0,3754.0,1.0,403.0,4745.0,57.0,195.0
2022-11-21,2505.0,1894.0,1800.0,845.0,13.0,26634.0,6881.0,1512.0,37764.0,58.0,5667.0,31001.0,467.0,990.0
2022-11-22,2582.0,1778.0,3662.0,783.0,9.0,23382.0,5803.0,1874.0,49361.0,69.0,6384.0,25201.0,560.0,795.0
2022-11-23,2315.0,1680.0,2789.0,775.0,8.0,27730.0,6383.0,1980.0,37154.0,60.0,6510.0,22174.0,507.0,818.0
2022-11-24,2028.0,1490.0,2626.0,694.0,12.0,17589.0,6051.0,1468.0,34051.0,57.0,7095.0,21641.0,584.0,854.0
2022-11-25,1614.0,1194.0,1684.0,674.0,15.0,17993.0,4617.0,954.0,35334.0,50.0,6651.0,22251.0,538.0,851.0
2022-11-26,198.0,111.0,331.0,151.0,1.0,1480.0,2562.0,83.0,11291.0,0.0,447.0,6176.0,31.0,149.0
2022-11-27,291.0,145.0,548.0,148.0,3.0,1889.0,3305.0,112.0,3901.0,1.0,1097.0,5893.0,33.0,259.0
2022-11-28,1992.0,1449.0,2848.0,1035.0,6.0,29864.0,7597.0,1817.0,46236.0,67.0,15096.0,34828.0,539.0,1424.0
2022-11-29,2106.0,1568.0,3844.0,936.0,15.0,25752.0,6809.0,2137.0,39405.0,109.0,10907.0,34288.0,576.0,1214.0
2022-11-30,2292.0,1659.0,2664.0,954.0,11.0,24449.0,7447.0,2211.0,56372.0,48.0,7275.0,45889.0,567.0,1576.0
2022-12-01,2353.0,1814.0,3361.0,872.0,13.0,21289.0,6916.0,1093.0,75434.0,50.0,12635.0,101242.0,578.0,1389.0
2022-12-02,2053.0,1609.0,3212.0,906.0,4.0,23755.0,6443.0,809.0,94908.0,77.0,8113.0,49384.0,390.0,1211.0
2022-12-03,263.0,184.0,559.0,154.0,2.0,4663.0,2799.0,49.0,23960.0,4.0,403.0,8819.0,48.0,183.0
2022-12-04,428.0,272.0,613.0,171.0,2.0,4191.0,3432.0,73.0,4521.0,2.0,713.0,8830.0,33.0,352.0
2022-12-05,2467.0,1991.0,2712.0,788.0,4.0,18588.0,6368.0,1068.0,48323.0,151.0,8270.0,33876.0,379.0,1205.0
2022-12-06,614.0,456.0,704.0,285.0,3.0,5511.0,4154.0,171.0,31856.0,0.0,1061.0,9157.0,37.0,227.0
2022-12-07,3943.0,3188.0,4935.0,1051.0,5.0,28446.0,7817.0,2851.0,48218.0,113.0,11442.0,32560.0,539.0,1184.0
2022-12-08,4323.0,3533.0,3953.0,887.0,10.0,41901.0,7175.0,1962.0,47559.0,101.0,8237.0,30184.0,447.0,887.0
2022-12-09,4781.0,3993.0,2109.0,751.0,11.0,29761.0,6631.0,1483.0,48497.0,57.0,6408.0,25171.0,458.0,927.0
2022-12-10,775.0,583.0,516.0,113.0,2.0,4990.0,2853.0,71.0,16324.0,4.0,493.0,6345.0,21.0,189.0
2022-12-11,1275.0,1081.0,831.0,293.0,3.0,7429.0,4239.0,185.0,5521.0,5.0,913.0,6328.0,40.0,340.0
2022-12-12,7180.0,6220.0,3008.0,1103.0,13.0,34264.0,8921.0,1427.0,38608.0,83.0,10171.0,28943.0,542.0,1298.0
2022-12-13,2782.0,2002.0,2990.0,877.0,12.0,23412.0,6480.0,1603.0,41348.0,47.0,11238.0,29100.0,448.0,970.0
2022-12-14,2567.0,1832.0,3661.0,910.0,7.0,21200.0,6702.0,2154.0,47317.0,72.0,8113.0,32404.0,439.0,1011.0
2022-12-15,2563.0,1873.0,2885.0,946.0,2.0,22243.0,6784.0,1547.0,48590.0,53.0,6146.0,31800.0,457.0,1033.0
2022-12-16,2367.0,1761.0,1911.0,923.0,6.0,21083.0,6507.0,2389.0,70076.0,30.0,4903.0,31882.0,408.0,1048.0
2022-12-17,170.0,97.0,291.0,164.0,1.0,1467.0,2512.0,66.0,18870.0,0.0,574.0,5794.0,15.0,177.0
2022-12-18,347.0,203.0,523.0,239.0,1.0,3382.0,3706.0,124.0,3179.0,4.0,1003.0,6306.0,59.0,362.0
2022-12-19,2840.0,2079.0,2731.0,1275.0,7.0,32301.0,8218.0,1364.0,36877.0,45.0,8285.0,38830.0,473.0,1575.0
2022-12-20,2653.0,2026.0,3514.0,1172.0,8.0,23756.0,7201.0,2199.0,49436.0,47.0,7827.0,38538.0,494.0,1281.0
2022-12-21,2486.0,1833.0,4970.0,1272.0,10.0,20875.0,7319.0,1560.0,41599.0,113.0,7913.0,32322.0,452.0,1331.0
2022-12-22,2002.0,1474.0,3003.0,1139.0,8.0,20988.0,6968.0,2251.0,40670.0,51.0,7299.0,33393.0,393.0,1274.0
2022-12-23,850.0,623.0,1417.0,681.0,4.0,10060.0,4417.0,707.0,28621.0,62.0,3735.0,18069.0,227.0,756.0
2022-12-24,26.0,19.0,145.0,50.0,0.0,328.0,1097.0,30.0,8610.0,0.0,91.0,2123.0,5.0,68.0
2022-12-25,82.0,34.0,141.0,60.0,0.0,512.0,805.0,16.0,1410.0,0.0,125.0,1409.0,5.0,49.0
2022-12-26,176.0,117.0,418.0,121.0,2.0,2269.0,2531.0,54.0,5366.0,1.0,720.0,4004.0,13.0,197.0
2022-12-27,1663.0,1256.0,2555.0,741.0,4.0,18979.0,5823.0,1635.0,31138.0,29.0,12942.0,23359.0,289.0,1024.0
2022-12-28,1790.0,1243.0,3892.0,894.0,10.0,14858.0,5971.0,2461.0,37580.0,24.0,13230.0,28835.0,231.0,1088.0
2022-12-29,1772.0,1311.0,4679.0,944.0,40.0,21788.0,6002.0,1489.0,36390.0,28.0,10157.0,29632.0,304.0,1275.0
2022-12-30,1488.0,1099.0,2500.0,1042.0,6.0,20702.0,6982.0,1367.0,52626.0,16.0,4365.0,39870.0,296.0,1424.0
2022-12-31,333.0,145.0,551.0,342.0,11.0,2752.0,3180.0,140.0,14857.0,4.0,407.0,11095.0,32.0,402.0
2023-01-01,275.0,157.0,560.0,153.0,2.0,2050.0,2712.0,99.0,14498.0,1.0,613.0,18874.0,10.0,218.0
2023-01-02,2437.0,1818.0,2900.0,925.0,15.0,25088.0,8355.0,1278.0,53016.0,72.0,10910.0,102186.0,450.0,1056.0
2023-01-03,2678.0,1988.0,3188.0,773.0,5.0,23187.0,7435.0,1920.0,86084.0,113.0,10605.0,47496.0,383.0,923.0
2023-01-04,3080.0,2246.0,4485.0,834.0,1.0,25723.0,6336.0,1959.0,85043.0,90.0,9148.0,35541.0,438.0,737.0
2023-01-05,3238.0,2370.0,4059.0,766.0,8.0,28264.0,5527.0,1181.0,58611.0,48.0,7796.0,29827.0,421.0,605.0
2023-01-06,792.0,542.0,548.0,133.0,2.0,5549.0,2789.0,142.0,17951.0,0.0,921.0,8477.0,25.0,165.0
2023-01-07,546.0,364.0,439.0,82.0,1.0,4513.0,2889.0,65.0,6777.0,1.0,541.0,3693.0,19.0,85.0
2023-01-08,712.0,520.0,583.0,189.0,1.0,6128.0,3657.0,143.0,4116.0,2.0,711.0,5668.0,18.0,163.0
2023-01-09,4590.0,3465.0,3238.0,821.0,3.0,31558.0,7489.0,1661.0,40275.0,34.0,9156.0,27718.0,411.0,722.0
2023-01-10,4899.0,3749.0,2862.0,654.0,13.0,32923.0,6799.0,1684.0,57430.0,62.0,9128.0,54572.0,403.0,699.0
2023-01-11,5520.0,4335.0,3230.0,673.0,9.0,35197.0,6907.0,2222.0,46832.0,129.0,9801.0,24347.0,447.0,595.0
2023-01-12,6686.0,5327.0,4694.0,644.0,2.0,33770.0,6252.0,1602.0,48850.0,56.0,7898.0,23634.0,425.0,702.0
2023-01-13,2737.0,1546.0,1812.0,490.0,3.0,27530.0,5268.0,1132.0,39843.0,73.0,3069.0,27739.0,358.0,655.0
2023-01-14,414.0,206.0,347.0,117.0,2.0,2995.0,2473.0,81.0,9006.0,0.0,194.0,4338.0,24.0,127.0
2023-01-15,551.0,276.0,520.0,191.0,0.0,5107.0,3602.0,121.0,3037.0,3.0,404.0,5314.0,26.0,209.0
2023-01-16,3234.0,1786.0,2139.0,753.0,7.0,29144.0,6330.0,1420.0,50008.0,61.0,4933.0,29338.0,457.0,699.0
2023-01-17,3153.0,1750.0,2162.0,837.0,1.0,27244.0,5912.0,1553.0,50590.0,88.0,5362.0,32116.0,459.0,631.0
2023-01-18,3121.0,1715.0,2504.0,598.0,10.0,27904.0,5452.0,2220.0,39924.0,64.0,4632.0,28303.0,391.0,601.0
2023-01-19,3082.0,1656.0,2897.0,594.0,4.0,26777.0,5216.0,1794.0,36268.0,83.0,4328.0,23619.0,386.0,617.0
2023-01-20,2878.0,1622.0,1792.0,649.0,4.0,21704.0,5493.0,2358.0,36527.0,81.0,3072.0,27163.0,318.0,639.0
2023-01-21,431.0,200.0,347.0,97.0,2.0,3293.0,2362.0,80.0,7269.0,0.0,231.0,3397.0,26.0,107.0
2023-01-22,496.0,239.0,451.0,156.0,1.0,4240.0,2834.0,164.0,3249.0,3.0,521.0,9380.0,29.0,194.0
2023-01-23,3210.0,1794.0,3857.0,812.0,2.0,29276.0,6306.0,1808.0,40246.0,69.0,7135.0,25670.0,487.0,829.0
2023-01-24,3250.0,1832.0,2251.0,725.0,3.0,25021.0,5716.0,2081.0,37858.0,78.0,7243.0,23266.0,474.0,618.0
2023-01-25,3329.0,1922.0,2205.0,595.0,6.0,24877.0,5161.0,1873.0,37304.0,63.0,8845.0,21886.0,470.0,750.0
2023-01-26,3447.0,1813.0,3133.0,670.0,2.0,29651.0,5008.0,1423.0,30404.0,56.0,9250.0,34729.0,405.0,828.0
2023-01-27,3122.0,1588.0,2040.0,589.0,2.0,21954.0,5036.0,905.0,31689.0,51.0,8889.0,24736.0,385.0,821.0
2023-01-28,603.0,322.0,352.0,111.0,4.0,5744.0,2386.0,145.0,9325.0,0.0,1192.0,4300.0,25.0,183.0
2023-01-29,709.0,311.0,510.0,180.0,0.0,5385.0,3249.0,181.0,4696.0,1.0,1487.0,5199.0,22.0,248.0
2023-01-30,3281.0,1825.0,3304.0,896.0,3.0,24857.0,6924.0,1932.0,34898.0,59.0,11132.0,27708.0,460.0,1116.0
2023-01-31,3849.0,2167.0,2788.0,871.0,2.0,27527.0,6850.0,2206.0,53406.0,44.0,7085.0,49283.0,471.0,1358.0
2023-02-01,3598.0,2182.0,3247.0,717.0,4.0,28919.0,6914.0,1598.0,71314.0,65.0,11799.0,98501.0,547.0,1082.0
2023-02-02,3764.0,2184.0,3870.0,730.0,3.0,30852.0,6857.0,1110.0,92409.0,82.0,11006.0,48382.0,477.0,1034.0
2023-02-03,3600.0,2166.0,2435.0,675.0,3.0,24690.0,5884.0,891.0,77068.0,109.0,6092.0,37947.0,392.0,900.0
2023-02-04,749.0,426.0,489.0,152.0,0.0,6012.0,2390.0,62.0,15857.0,47.0,759.0,5653.0,18.0,174.0
2023-02-05,1104.0,550.0,598.0,221.0,0.0,6605.0,3965.0,126.0,4751.0,5.0,692.0,6252.0,30.0,247.0
2023-02-06,5508.0,3451.0,2381.0,827.0,4.0,33495.0,8267.0,1239.0,47250.0,111.0,7888.0,32388.0,452.0,1043.0
2023-02-07,6107.0,3783.0,2327.0,766.0,6.0,36244.0,6918.0,1565.0,50066.0,75.0,8411.0,29677.0,440.0,828.0
2023-02-08,6666.0,4056.0,4705.0,738.0,9.0,36122.0,7815.0,1437.0,51006.0,77.0,7488.0,25597.0,408.0,805.0
2023-02-09,7160.0,4450.0,3211.0,692.0,6.0,37313.0,6933.0,3031.0,45593.0,69.0,5897.0,23777.0,510.0,759.0
2023-02-10,7613.0,4782.0,1975.0,654.0,6.0,37190.0,5768.0,1163.0,32831.0,61.0,4867.0,26549.0,323.0,828.0
2023-02-11,1767.0,1006.0,374.0,133.0,1.0,9733.0,2535.0,59.0,8198.0,1.0,552.0,3988.0,20.0,144.0
2023-02-12,2693.0,1431.0,700.0,231.0,0.0,11505.0,4877.0,105.0,3669.0,0.0,842.0,4971.0,45.0,267.0
2023-02-13,11544.0,7242.0,3125.0,867.0,8.0,37609.0,7207.0,1340.0,38026.0,100.0,9948.0,26297.0,444.0,954.0
2023-02-14,3777.0,1876.0,3447.0,643.0,7.0,31513.0,5870.0,1631.0,40069.0,111.0,7923.0,27359.0,473.0,782.0
2023-02-15,3854.0,1936.0,2587.0,666.0,4.0,33293.0,5725.0,1667.0,43340.0,67.0,5781.0,26992.0,418.0,725.0
2023-02-16,4028.0,1845.0,2634.0,705.0,3.0,36602.0,5250.0,1849.0,45874.0,56.0,5326.0,27990.0,524.0,751.0
2023-02-17,3726.0,1656.0,2075.0,642.0,7.0,26065.0,5137.0,1513.0,35393.0,76.0,4623.0,27806.0,344.0,815.0
2023-02-18,522.0,199.0,343.0,105.0,0.0,4885.0,2227.0,120.0,8552.0,91.0,201.0,3711.0,30.0,143.0
2023-02-19,795.0,287.0,477.0,172.0,1.0,4328.0,2586.0,237.0,3271.0,4.0,317.0,8674.0,30.0,149.0
2023-02-20,4324.0,2072.0,1950.0,667.0,4.0,27102.0,6222.0,1594.0,35558.0,68.0,6440.0,24746.0,412.0,794.0
2023-02-21,5180.0,2064.0,2013.0,673.0,2.0,27472.0,5518.0,2349.0,44955.0,39.0,7566.0,24048.0,410.0,666.0
2023-02-22,5230.0,2058.0,4069.0,568.0,2.0,31091.0,5500.0,1487.0,35588.0,58.0,8464.0,22069.0,381.0,617.0
2023-02-23,4472.0,1923.0,2784.0,567.0,7.0,28251.0,5121.0,1384.0,28391.0,42.0,9415.0,21857.0,342.0,749.0
2023-02-24,4282.0,1775.0,1782.0,554.0,4.0,24529.0,4742.0,1476.0,35156.0,37.0,9044.0,25385.0,343.0,779.0
2023-02-25,932.0,322.0,430.0,114.0,0.0,5789.0,1896.0,89.0,7198.0,0.0,777.0,5489.0,13.0,152.0
2023-02-26,1325.0,356.0,560.0,207.0,0.0,4716.0,2888.0,171.0,5007.0,0.0,1939.0,4735.0,16.0,207.0
2023-02-27,6938.0,2336.0,3839.0,705.0,3.0,27598.0,6767.0,1294.0,40891.0,58.0,13421.0,28339.0,521.0,982.0
2023-02-28,8289.0,2795.0,2704.0,1106.0,6.0,25620.0,6758.0,2266.0,52287.0,53.0,7302.0,44822.0,464.0,1189.0
2023-03-01,3534.0,2287.0,3178.0,803.0,1.0,26729.0,6614.0,1491.0,62804.0,84.0,11401.0,107311.0,489.0,1200.0
2023-03-02,3320.0,2332.0,4074.0,718.0,6.0,32100.0,6577.0,1131.0,80092.0,81.0,9062.0,43935.0,435.0,951.0
2023-03-03,3093.0,2151.0,2522.0,679.0,3.0,24172.0,5607.0,1420.0,83790.0,132.0,5544.0,34830.0,322.0,758.0
2023-03-04,716.0,447.0,667.0,153.0,0.0,8039.0,2893.0,79.0,28798.0,1.0,767.0,8841.0,44.0,140.0
2023-03-05,692.0,518.0,774.0,182.0,0.0,6326.0,4112.0,134.0,3821.0,1.0,1230.0,5964.0,43.0,306.0
2023-03-06,4431.0,3409.0,2686.0,794.0,4.0,32465.0,6998.0,1491.0,41060.0,96.0,8111.0,31549.0,528.0,975.0
2023-03-07,4900.0,3547.0,2503.0,740.0,1.0,34427.0,6668.0,1994.0,56459.0,89.0,7462.0,28660.0,434.0,773.0
2023-03-08,4795.0,3796.0,4720.0,707.0,3.0,33821.0,6536.0,2126.0,54745.0,39.0,7643.0,22961.0,462.0,682.0
2023-03-09,4872.0,3923.0,3139.0,721.0,4.0,31333.0,6458.0,1270.0,45867.0,63.0,6187.0,21603.0,393.0,745.0
2023-03-10,5619.0,4525.0,2430.0,626.0,3.0,30318.0,5371.0,1151.0,35108.0,40.0,5232.0,28549.0,357.0,748.0
2023-03-11,1165.0,836.0,391.0,133.0,1.0,8398.0,2521.0,111.0,8838.0,0.0,416.0,4187.0,26.0,140.0
2023-03-12,1449.0,1136.0,716.0,144.0,0.0,8922.0,3463.0,142.0,3910.0,0.0,719.0,5022.0,181.0,222.0
2023-03-13,7229.0,5934.0,3490.0,850.0,4.0,36968.0,7557.0,1899.0,39439.0,50.0,9062.0,25916.0,663.0,942.0
2023-03-14,2871.0,1929.0,3168.0,663.0,1.0,25737.0,5722.0,1938.0,43650.0,54.0,7312.0,25496.0,451.0,686.0
2023-03-15,2849.0,1834.0,2298.0,714.0,9.0,27102.0,6277.0,3220.0,37249.0,45.0,5406.0,25963.0,423.0,741.0
2023-03-16,2676.0,1736.0,2742.0,618.0,0.0,23850.0,5579.0,2676.0,39084.0,43.0,5892.0,27150.0,427.0,726.0
2023-03-17,2367.0,1693.0,2315.0,699.0,3.0,19360.0,4952.0,1006.0,49019.0,73.0,3349.0,23137.0,391.0,698.0
2023-03-18,335.0,154.0,226.0,102.0,0.0,3331.0,1946.0,149.0,1481.0,0.0,248.0,3614.0,13.0,129.0
2023-03-19,379.0,207.0,441.0,162.0,0.0,4740.0,3307.0,72.0,5193.0,3.0,449.0,4223.0,21.0,200.0
2023-03-20,3053.0,1993.0,1852.0,871.0,0.0,26069.0,5763.0,2477.0,46108.0,51.0,5281.0,27473.0,471.0,868.0
2023-03-21,2978.0,1883.0,4015.0,705.0,1.0,22999.0,5635.0,2171.0,45855.0,112.0,5186.0,25509.0,465.0,639.0
2023-03-22,2892.0,1782.0,2274.0,670.0,4.0,24566.0,5407.0,2282.0,38575.0,39.0,6047.0,26743.0,478.0,752.0
2023-03-23,2690.0,1664.0,2355.0,629.0,74.0,21325.0,5382.0,1727.0,30119.0,47.0,5830.0,22955.0,402.0,783.0
2023-03-24,2243.0,1544.0,1682.0,753.0,10.0,19418.0,5117.0,1449.0,32503.0,114.0,4224.0,21128.0,384.0,714.0
2023-03-25,0.0,0.0,0.0,0.0,0.0,0.0,0.0,0.0,0.0,0.0,0.0,0.0,0.0,0.0
2023-03-26,526.0,275.0,430.0,188.0,1.0,5121.0,3264.0,145.0,2885.0,1.0,501.0,3798.0,38.0,208.0
2023-03-27,2842.0,1807.0,1849.0,813.0,7.0,22629.0,6807.0,1601.0,37272.0,48.0,9415.0,23682.0,373.0,921.0
2023-03-28,2668.0,1755.0,2215.0,688.0,6.0,23163.0,5652.0,1841.0,36220.0,68.0,11098.0,26196.0,500.0,923.0
2023-03-29,2616.0,1576.0,3304.0,814.0,12.0,22600.0,5878.0,2079.0,32690.0,46.0,11180.0,27674.0,402.0,860.0
2023-03-30,2611.0,1631.0,4059.0,782.0,12.0,18864.0,6431.0,1390.0,42029.0,48.0,9314.0,30337.0,481.0,1005.0
2023-03-31,2386.0,1566.0,2316.0,859.0,3.0,18258.0,5962.0,1369.0,49248.0,54.0,4826.0,45491.0,487.0,1354.0
2023-04-01,529.0,306.0,498.0,152.0,0.0,5536.0,2531.0,87.0,22094.0,0.0,746.0,11690.0,25.0,262.0
2023-04-02,779.0,439.0,560.0,182.0,0.0,8528.0,3800.0,90.0,7349.0,0.0,1145.0,28570.0,53.0,292.0
2023-04-03,3917.0,2491.0,2884.0,1018.0,17.0,26510.0,8267.0,1275.0,67740.0,57.0,14966.0,103979.0,494.0,1446.0
2023-04-04,3706.0,2650.0,4220.0,841.0,1.0,26907.0,7585.0,2078.0,87878.0,157.0,13919.0,46673.0,448.0,1006.0
2023-04-05,3940.0,2983.0,6488.0,781.0,3.0,28727.0,7125.0,1709.0,79794.0,105.0,9680.0,34758.0,469.0,982.0
2023-04-06,4115.0,3280.0,2535.0,702.0,6.0,24361.0,5185.0,1006.0,61929.0,78.0,5560.0,29927.0,327.0,885.0
2023-04-07,870.0,665.0,476.0,94.0,0.0,5907.0,2161.0,60.0,19583.0,0.0,489.0,4454.0,15.0,124.0
2023-04-08,703.0,511.0,311.0,75.0,1.0,4997.0,1520.0,37.0,4399.0,0.0,412.0,2715.0,10.0,81.0
2023-04-09,607.0,465.0,377.0,64.0,1.0,5142.0,1889.0,76.0,2814.0,0.0,416.0,2969.0,10.0,74.0
2023-04-10,1558.0,1175.0,912.0,197.0,2.0,8634.0,3746.0,170.0,10288.0,0.0,930.0,7669.0,27.0,204.0
2023-04-11,7023.0,6010.0,2932.0,711.0,3.0,33405.0,7840.0,1649.0,49584.0,56.0,10643.0,33100.0,495.0,927.0
2023-04-12,7808.0,6434.0,3924.0,726.0,1.0,37763.0,7099.0,2909.0,50792.0,92.0,10010.0,26189.0,434.0,732.0
2023-04-13,3201.0,2093.0,4850.0,705.0,2.0,25055.0,6200.0,1392.0,45003.0,109.0,8232.0,23764.0,564.0,704.0
2023-04-14,2656.0,1730.0,1887.0,599.0,2.0,19662.0,5056.0,1569.0,43014.0,55.0,3263.0,28039.0,464.0,762.0
2023-04-15,443.0,286.0,382.0,97.0,0.0,4092.0,2924.0,97.0,10643.0,1.0,229.0,5787.0,37.0,104.0
2023-04-16,514.0,306.0,516.0,198.0,0.0,9726.0,3186.0,115.0,5020.0,0.0,701.0,5602.0,56.0,178.0
2023-04-17,3185.0,2085.0,2274.0,816.0,3.0,23171.0,6960.0,1408.0,41327.0,81.0,5164.0,28432.0,590.0,838.0
2023-04-18,3372.0,2066.0,2271.0,659.0,4.0,25570.0,6346.0,1919.0,55793.0,69.0,5829.0,28764.0,457.0,684.0
2023-04-19,3264.0,2012.0,2792.0,673.0,2.0,24998.0,6208.0,2122.0,40960.0,57.0,5193.0,28381.0,435.0,631.0
2023-04-20,3084.0,2025.0,2674.0,673.0,2.0,23026.0,6254.0,2130.0,39286.0,57.0,5719.0,23799.0,450.0,804.0
2023-04-21,2655.0,1731.0,1571.0,671.0,0.0,17179.0,5143.0,1403.0,40816.0,63.0,4433.0,28724.0,370.0,771.0
2023-04-22,374.0,203.0,288.0,86.0,0.0,2646.0,2260.0,67.0,7546.0,1.0,504.0,3256.0,25.0,133.0
2023-04-23,712.0,372.0,478.0,179.0,0.0,5750.0,3603.0,255.0,3608.0,0.0,888.0,4541.0,62.0,275.0
2023-04-24,3271.0,1980.0,4133.0,956.0,1.0,21745.0,7193.0,2163.0,42393.0,59.0,10010.0,24865.0,550.0,1187.0
2023-04-25,2989.0,1865.0,2969.0,778.0,7.0,24728.0,6664.0,1442.0,56987.0,54.0,12037.0,23646.0,510.0,900.0
2023-04-26,2944.0,1710.0,3548.0,687.0,4.0,21888.0,6269.0,2051.0,45236.0,49.0,13880.0,25608.0,448.0,930.0
2023-04-27,3057.0,1883.0,4520.0,802.0,1.0,19921.0,6119.0,1387.0,36349.0,153.0,10636.0,27686.0,452.0,922.0
2023-04-28,2745.0,1595.0,2288.0,824.0,1.0,15354.0,5735.0,1392.0,63590.0,59.0,4728.0,39473.0,530.0,1355.0
2023-04-29,624.0,288.0,427.0,142.0,0.0,3588.0,2521.0,107.0,12885.0,1.0,349.0,7060.0,35.0,204.0
2023-04-30,530.0,260.0,353.0,134.0,0.0,2981.0,2729.0,242.0,6073.0,0.0,340.0,9209.0,26.0,236.0
2023-05-01,878.0,442.0,703.0,172.0,0.0,5669.0,3898.0,142.0,17610.0,72.0,1237.0,19612.0,39.0,354.0
2023-05-02,3625.0,2193.0,3091.0,970.0,1.0,27774.0,9461.0,1906.0,61997.0,50.0,12936.0,101029.0,665.0,1552.0
2023-05-03,3775.0,2658.0,4056.0,840.0,1.0,26483.0,7437.0,3130.0,90375.0,85.0,12645.0,54542.0,482.0,1090.0
2023-05-04,4323.0,3014.0,4189.0,783.0,1.0,29407.0,7327.0,1775.0,84672.0,167.0,9582.0,37774.0,520.0,958.0
2023-05-05,4109.0,2922.0,2316.0,809.0,5.0,25775.0,6025.0,1221.0,59628.0,90.0,6163.0,32190.0,478.0,927.0
2023-05-06,952.0,594.0,502.0,131.0,1.0,5755.0,2745.0,88.0,12837.0,1.0,528.0,4055.0,50.0,180.0
2023-05-07,1060.0,743.0,774.0,186.0,1.0,6093.0,3472.0,176.0,4817.0,2.0,897.0,6022.0,34.0,197.0
2023-05-08,6215.0,4473.0,6564.0,975.0,1.0,35136.0,7844.0,1445.0,46468.0,80.0,9369.0,29815.0,455.0,1058.0
2023-05-09,6438.0,4585.0,3066.0,730.0,2.0,39139.0,7789.0,1939.0,61082.0,42.0,8013.0,28953.0,458.0,828.0
2023-05-10,7246.0,5064.0,3156.0,700.0,8.0,38845.0,6984.0,2356.0,40515.0,97.0,8534.0,28211.0,475.0,877.0
2023-05-11,8312.0,5754.0,4161.0,711.0,1.0,37047.0,7038.0,1511.0,43080.0,53.0,8792.0,26714.0,416.0,859.0
2023-05-12,8652.0,6223.0,3494.0,762.0,1.0,28774.0,5649.0,1717.0,42458.0,46.0,6193.0,25580.0,487.0,930.0
2023-05-13,313.0,186.0,315.0,100.0,0.0,1639.0,2091.0,76.0,8614.0,0.0,334.0,5526.0,40.0,112.0
2023-05-14,306.0,166.0,479.0,107.0,0.0,2023.0,2929.0,65.0,3611.0,5.0,390.0,3748.0,36.0,159.0
2023-05-15,3088.0,2304.0,2743.0,864.0,2.0,27290.0,6679.0,1697.0,44387.0,68.0,5351.0,34049.0,565.0,1107.0
2023-05-16,2748.0,2036.0,2928.0,760.0,2.0,20442.0,6333.0,2136.0,48546.0,52.0,6886.0,31065.0,550.0,833.0
2023-05-17,2596.0,1866.0,3349.0,726.0,1.0,23195.0,6132.0,2098.0,46756.0,52.0,5829.0,29949.0,503.0,819.0
2023-05-18,542.0,382.0,624.0,243.0,1.0,4472.0,3188.0,190.0,15135.0,3.0,783.0,7794.0,108.0,251.0
2023-05-19,1673.0,1198.0,1329.0,473.0,3.0,14211.0,4526.0,1335.0,30145.0,32.0,2730.0,21595.0,320.0,582.0
2023-05-20,142.0,81.0,274.0,77.0,0.0,1205.0,2016.0,72.0,6816.0,2.0,125.0,3039.0,39.0,105.0
2023-05-21,301.0,151.0,429.0,150.0,0.0,2688.0,3000.0,82.0,3163.0,5.0,482.0,4243.0,44.0,173.0
